,OverallQual,YearBuilt,YearRemodAdd,MasVnrArea,TotalBsmtSF,1stFlrSF,GrLivArea,FullBath,TotRmsAbvGrd,Fireplaces,GarageYrBlt,GarageCars,GarageArea
0,7,2003,2003,196.0,856,856,1710,2,8,0,2003.0,2,548
1,6,1976,1976,0.0,1262,1262,1262,2,6,1,1976.0,2,460
2,7,2001,2002,162.0,920,920,1786,2,6,1,2001.0,2,608
3,7,1915,1970,0.0,756,961,1717,1,7,1,1998.0,3,642
4,8,2000,2000,350.0,1145,1145,2198,2,9,1,2000.0,3,836
5,5,1993,1995,0.0,796,796,1362,1,5,0,1993.0,2,480
6,8,2004,2005,186.0,1686,1694,1694,2,7,1,2004.0,2,636
7,7,1973,1973,240.0,1107,1107,2090,2,7,2,1973.0,2,484
8,7,1931,1950,0.0,952,1022,1774,2,8,2,1931.0,2,468
9,5,1939,1950,0.0,991,1077,1077,1,5,2,1939.0,1,205
10,5,1965,1965,0.0,1040,1040,1040,1,5,0,1965.0,1,384
11,9,2005,2006,286.0,1175,1182,2324,3,11,2,2005.0,3,736
12,5,1962,1962,0.0,912,912,912,1,4,0,1962.0,1,352
13,7,2006,2007,306.0,1494,1494,1494,2,7,1,2006.0,3,840
14,6,1960,1960,212.0,1253,1253,1253,1,5,1,1960.0,1,352
15,7,1929,2001,0.0,832,854,854,1,5,0,1991.0,2,576
16,6,1970,1970,180.0,1004,1004,1004,1,5,1,1970.0,2,480
17,4,1967,1967,0.0,0,1296,1296,2,6,0,1967.0,2,516
18,5,2004,2004,0.0,1114,1114,1114,1,6,0,2004.0,2,576
19,5,1958,1965,0.0,1029,1339,1339,1,6,0,1958.0,1,294
20,8,2005,2006,380.0,1158,1158,2376,3,9,1,2005.0,3,853
21,7,1930,1950,0.0,637,1108,1108,1,6,1,1930.0,1,280
22,8,2002,2002,281.0,1777,1795,1795,2,7,1,2002.0,2,534
23,5,1976,1976,0.0,1040,1060,1060,1,6,1,1976.0,2,572
24,5,1968,2001,0.0,1060,1060,1060,1,6,1,1968.0,1,270
25,8,2007,2007,640.0,1566,1600,1600,2,7,1,2007.0,3,890
26,5,1951,2000,0.0,900,900,900,1,5,0,2005.0,2,576
27,8,2007,2008,200.0,1704,1704,1704,2,7,1,2008.0,3,772
28,5,1957,1997,0.0,1484,1600,1600,1,6,2,1957.0,1,319
29,4,1927,1950,0.0,520,520,520,1,4,0,1920.0,1,240
30,4,1920,1950,0.0,649,649,1317,1,6,0,1920.0,1,250
31,5,1966,2006,0.0,1228,1228,1228,1,6,0,1966.0,1,271
32,8,2007,2007,0.0,1234,1234,1234,2,7,0,2007.0,2,484
33,5,1959,1959,0.0,1398,1700,1700,1,6,1,1959.0,2,447
34,9,2005,2005,246.0,1561,1561,1561,2,6,1,2005.0,2,556
35,8,2004,2005,132.0,1117,1132,2452,3,9,1,2004.0,3,691
36,5,1994,1995,0.0,1097,1097,1097,1,6,0,1995.0,2,672
37,5,1954,1990,650.0,1297,1297,1297,1,5,1,1954.0,2,498
38,5,1953,2007,0.0,1057,1057,1057,1,5,0,1953.0,1,246
39,4,1955,1955,0.0,0,1152,1152,2,6,0,,0,0
40,6,1965,1965,101.0,1088,1324,1324,2,6,1,1965.0,2,440
41,5,1959,1959,0.0,1350,1328,1328,1,5,2,1959.0,1,308
42,5,1983,1983,0.0,840,884,884,1,5,0,1983.0,2,504
43,5,1975,1980,0.0,938,938,938,1,5,0,1977.0,1,308
44,5,1959,1959,0.0,1150,1150,1150,1,6,0,1959.0,1,300
45,9,2005,2005,412.0,1752,1752,1752,2,6,1,2005.0,2,576
46,7,2003,2003,0.0,1434,1518,2149,1,6,1,2003.0,2,670
47,8,2006,2006,0.0,1656,1656,1656,2,7,0,2006.0,3,826
48,4,1920,2008,0.0,736,736,1452,2,8,0,,0,0
49,5,1966,1966,0.0,955,955,955,1,6,0,1966.0,1,386
50,6,1997,1997,0.0,794,794,1470,2,6,0,1997.0,2,388
51,6,1934,1950,0.0,816,816,1176,1,6,1,1985.0,2,528
52,5,1963,1963,0.0,816,816,816,1,5,0,1963.0,2,516
53,9,1981,1987,0.0,1842,1842,1842,0,5,1,1981.0,3,894
54,5,1955,1955,0.0,384,1360,1360,1,6,1,1962.0,2,572
55,6,1964,1964,272.0,1425,1425,1425,2,7,1,1964.0,2,576
56,8,1999,2000,456.0,970,983,1739,2,7,0,1999.0,2,480
57,7,2004,2004,0.0,860,860,1720,2,7,0,2004.0,2,565
58,10,2006,2006,1031.0,1410,1426,2945,3,10,1,2006.0,3,641
59,5,1972,1972,0.0,780,780,780,1,4,0,1973.0,1,352
60,6,2004,2004,0.0,1158,1158,1158,1,5,0,2006.0,2,576
61,5,1920,1996,0.0,530,581,1111,1,6,0,1935.0,1,288
62,8,2006,2006,178.0,1370,1370,1370,2,6,1,2006.0,2,484
63,7,1921,1950,0.0,576,902,1710,2,9,0,1990.0,2,480
64,7,1997,1998,573.0,1057,1057,2034,2,8,0,1998.0,2,645
65,8,2004,2005,344.0,1143,1143,2473,2,9,1,2004.0,3,852
66,7,1970,1989,287.0,1947,2207,2207,2,7,1,1970.0,2,576
67,7,2003,2003,167.0,1453,1479,1479,2,7,0,2003.0,2,558
68,4,1945,1950,0.0,747,747,747,1,4,0,1945.0,1,220
69,7,1953,1953,0.0,1304,1304,2287,2,7,1,1953.0,2,667
70,7,1973,1973,1115.0,2223,2223,2223,2,8,2,1973.0,2,516
71,4,1982,2006,0.0,845,845,845,1,4,0,1987.0,2,360
72,7,1998,1998,40.0,832,885,1718,2,7,1,1998.0,2,427
73,5,1954,2003,104.0,1086,1086,1086,1,6,0,1989.0,2,490
74,3,1915,1950,0.0,840,840,1605,2,8,0,1915.0,1,379
75,4,1973,1973,0.0,462,526,988,1,5,0,1973.0,1,297
76,4,1956,1956,0.0,952,952,952,1,4,0,1956.0,1,283
77,5,1948,2001,0.0,672,1072,1285,1,6,0,1948.0,1,240
78,4,1968,1968,0.0,1768,1768,1768,2,8,0,,0,0
79,5,1910,1981,0.0,440,682,1230,1,5,0,1966.0,2,440
80,6,1968,1968,576.0,896,1182,2142,2,8,1,1968.0,1,509
81,6,1998,1998,443.0,1237,1337,1337,2,5,0,1998.0,2,405
82,8,2007,2007,468.0,1563,1563,1563,2,6,1,2007.0,3,758
83,5,1960,1960,66.0,1065,1065,1065,1,6,0,1974.0,2,461
84,7,1995,1996,22.0,384,804,1474,2,7,1,1995.0,2,400
85,8,1991,1992,284.0,1288,1301,2417,2,9,1,1991.0,2,462
86,6,2005,2005,0.0,684,684,1560,2,6,1,2005.0,2,400
87,6,2009,2009,76.0,612,612,1224,2,4,0,2009.0,2,528
88,3,1915,1982,0.0,1013,1013,1526,1,6,0,,0,0
89,4,1994,1995,0.0,990,990,990,1,5,0,,0,0
90,4,1950,1950,0.0,0,1040,1040,1,4,0,1950.0,2,420
91,5,1961,1961,203.0,1235,1235,1235,1,6,0,1961.0,2,480
92,5,1921,2006,0.0,876,964,964,1,5,0,1921.0,2,432
93,6,1910,1998,0.0,1214,1260,2291,2,9,1,1900.0,2,506
94,6,1997,1997,0.0,824,905,1786,2,7,0,1997.0,2,684
95,6,1993,1993,68.0,680,680,1470,2,6,1,1993.0,2,420
96,7,1999,1999,183.0,1588,1588,1588,2,6,0,1999.0,2,472
97,4,1965,1965,48.0,960,960,960,1,6,0,1965.0,1,432
98,5,1920,1950,0.0,458,835,835,1,5,0,1920.0,1,366
99,4,1959,1959,0.0,950,1225,1225,1,6,0,,0,0
100,6,1977,2001,28.0,1610,1610,1610,2,6,2,1977.0,2,480
101,6,1985,1985,336.0,741,977,1732,2,7,1,1985.0,2,476
102,5,1979,1979,0.0,0,1535,1535,2,8,0,1979.0,2,410
103,7,2009,2009,0.0,1226,1226,1226,2,6,0,2009.0,3,740
104,7,1931,1950,600.0,1040,1226,1818,1,7,2,1951.0,1,240
105,8,2003,2004,768.0,1053,1053,1992,2,9,1,2003.0,2,648
106,4,1885,1995,0.0,641,1047,1047,1,6,0,1954.0,1,273
107,5,1948,1950,0.0,789,789,789,1,5,0,1948.0,1,250
108,5,1919,2005,0.0,793,997,1517,2,7,0,,0,0
109,6,1977,1977,480.0,1844,1844,1844,2,7,1,1977.0,2,546
110,6,1954,1972,0.0,994,1216,1855,2,7,0,1954.0,1,325
111,7,2000,2000,0.0,384,774,1430,2,7,1,2000.0,2,400
112,7,2007,2007,220.0,1264,1282,2696,2,10,1,2007.0,3,792
113,6,1953,1953,184.0,1809,2259,2259,2,7,2,1953.0,2,450
114,6,1945,2002,0.0,1028,1436,2320,2,9,1,1945.0,1,180
115,6,1999,1999,1129.0,729,729,1458,2,5,1,1999.0,2,440
116,5,1962,1962,116.0,1092,1092,1092,1,6,1,1962.0,1,288
117,5,2006,2007,0.0,1125,1125,1125,1,5,0,2007.0,2,430
118,7,1990,1990,0.0,1673,1699,3222,3,11,2,1990.0,3,594
119,6,2005,2006,0.0,728,728,1456,2,8,1,2005.0,2,390
120,6,1969,1969,0.0,938,988,988,1,4,2,1969.0,2,540
121,4,1939,1950,0.0,732,772,1123,1,4,0,1979.0,1,264
122,6,1958,1958,135.0,1080,1080,1080,1,5,0,1958.0,1,288
123,6,1993,1993,0.0,1199,1199,1199,2,5,0,1993.0,2,530
124,6,1979,1998,0.0,1362,1586,1586,2,7,1,1979.0,2,435
125,6,1935,1982,0.0,520,520,754,1,5,0,,0,0
126,6,1976,1976,0.0,1078,958,958,2,5,1,1977.0,2,440
127,5,1930,1950,0.0,672,840,840,1,5,1,,0,0
128,6,1966,1966,266.0,660,660,1348,1,6,1,1966.0,2,453
129,5,1958,1991,85.0,1008,1053,1053,1,6,0,1998.0,2,750
130,7,1966,1966,309.0,924,1216,2157,2,8,2,1966.0,2,487
131,6,2000,2000,40.0,992,1022,2054,2,7,1,2000.0,2,390
132,5,1959,2002,0.0,1063,1327,1327,1,7,0,1974.0,2,624
133,8,2001,2002,136.0,1267,1296,1296,2,6,0,2001.0,2,471
134,5,1968,1993,0.0,1461,1721,1721,2,7,1,1968.0,2,440
135,7,1970,1970,288.0,1304,1682,1682,2,7,1,1970.0,2,530
136,5,1967,1967,196.0,1214,1214,1214,2,5,1,1967.0,1,318
137,7,1988,1989,70.0,1907,1959,1959,3,9,0,1989.0,3,766
138,8,1999,2000,320.0,1004,1004,1852,2,7,2,1999.0,3,660
139,6,1997,1997,0.0,928,928,1764,2,7,0,1997.0,2,470
140,4,1971,1971,0.0,864,864,864,1,5,1,,0,0
141,7,2005,2005,0.0,1734,1734,1734,2,7,0,2005.0,2,660
142,5,1952,1952,0.0,910,910,1385,2,6,0,2000.0,2,720
143,7,1999,1999,183.0,1490,1501,1501,2,6,0,1999.0,2,577
144,5,1963,1963,336.0,1728,1728,1728,2,10,0,1963.0,2,504
145,6,2004,2006,50.0,970,970,1709,2,7,0,2004.0,2,380
146,5,1931,1993,0.0,715,875,875,1,5,0,1931.0,1,180
147,7,2001,2001,180.0,884,884,2035,2,8,1,2001.0,2,434
148,7,2004,2005,120.0,1080,1080,1080,1,6,0,,0,0
149,5,1936,1950,0.0,896,896,1344,1,7,0,1936.0,1,240
150,5,1975,1975,0.0,969,969,969,1,5,0,1975.0,2,440
151,8,2007,2008,436.0,1710,1710,1710,2,6,1,2007.0,3,866
152,6,1971,1971,252.0,825,1097,1993,2,8,1,1971.0,2,495
153,6,1960,1975,0.0,1602,1252,1252,1,4,1,1960.0,2,564
154,6,1923,1950,0.0,1200,1200,1200,1,7,0,1923.0,1,312
155,6,1924,1950,0.0,572,572,1096,1,5,0,,0,0
156,5,1950,1950,0.0,0,1040,1040,1,5,0,1950.0,2,625
157,8,2009,2010,84.0,774,774,1968,2,8,1,2009.0,3,680
158,7,2004,2005,0.0,991,991,1947,2,8,1,2004.0,2,678
159,7,2005,2006,456.0,1392,1392,2462,2,9,1,2006.0,2,576
160,6,1984,1984,0.0,1232,1232,1232,2,6,0,1984.0,2,516
161,9,2003,2004,664.0,1572,1572,2668,2,10,2,2003.0,3,726
162,7,2005,2005,226.0,1541,1541,1541,2,7,1,2005.0,2,532
163,4,1956,1956,0.0,882,882,882,1,4,0,,0,0
164,6,1926,2004,0.0,1149,1149,1616,2,5,0,1926.0,1,216
165,5,1940,1999,0.0,644,808,1355,2,6,0,,0,0
166,5,1955,1993,0.0,1617,1867,1867,1,7,3,1955.0,1,303
167,8,2007,2007,300.0,1582,1610,2161,1,8,1,2007.0,3,789
168,7,2004,2004,0.0,840,840,1720,2,7,1,2004.0,2,440
169,8,1981,1981,653.0,1686,1707,1707,2,6,1,1981.0,2,511
170,5,1941,1950,0.0,720,854,1382,1,7,0,1991.0,2,660
171,6,1960,1960,112.0,1080,1656,1656,1,7,2,1960.0,2,528
172,7,1987,1987,0.0,1064,1064,1767,2,5,1,1987.0,2,504
173,6,1961,1961,491.0,1362,1362,1362,1,6,1,1961.0,2,504
174,6,1986,1986,132.0,1606,1651,1651,2,7,1,1986.0,2,616
175,6,1950,2001,0.0,1202,2158,2158,2,7,1,1950.0,2,576
176,6,1988,1989,268.0,1151,1164,2060,2,8,1,1988.0,2,521
177,5,1958,1958,0.0,1052,1252,1920,2,8,1,1958.0,2,451
178,9,2008,2009,748.0,2216,2234,2234,2,9,1,2009.0,3,1166
179,5,1923,2006,0.0,968,968,968,1,5,0,1935.0,2,480
180,6,2000,2000,456.0,756,769,1525,2,5,1,2000.0,2,440
181,7,1920,1950,0.0,793,901,1802,1,9,1,1920.0,1,216
182,5,1957,2006,98.0,0,1340,1340,1,7,1,1957.0,1,252
183,7,2003,2003,0.0,1362,1362,2082,2,6,0,2003.0,2,484
184,5,1908,1991,0.0,504,936,1252,1,5,0,1986.0,2,576
185,10,1892,1993,0.0,1107,1518,3608,2,12,2,1993.0,3,840
186,7,1990,1991,0.0,1188,1217,1217,2,6,0,1990.0,2,497
187,5,1916,1987,0.0,660,808,1656,2,8,0,1916.0,1,180
188,5,1979,1979,275.0,1086,1224,1224,0,6,2,1979.0,2,528
189,8,2001,2002,0.0,1593,1593,1593,1,5,1,2001.0,2,682
190,8,1932,1994,0.0,853,1549,2727,2,10,2,1932.0,2,440
191,7,1972,2004,138.0,725,725,1479,1,7,0,1972.0,2,484
192,7,1999,1999,0.0,1431,1431,1431,2,6,0,1999.0,2,666
193,7,2004,2004,50.0,970,970,1709,2,7,0,2004.0,2,380
194,5,1972,1972,0.0,864,864,864,1,5,0,1989.0,1,352
195,6,1976,1976,0.0,855,855,1456,2,7,1,1976.0,2,440
196,7,2007,2007,205.0,1726,1726,1726,2,8,1,2007.0,3,786
197,8,1918,1990,0.0,1360,1360,3112,2,8,1,1918.0,2,795
198,6,1912,1950,0.0,755,929,2229,1,8,0,,0,0
199,8,2004,2005,262.0,1713,1713,1713,2,7,1,2004.0,3,856
200,4,2003,2004,0.0,1121,1121,1121,2,5,0,2003.0,2,440
201,6,1977,1977,0.0,1196,1279,1279,2,6,2,1980.0,2,473
202,6,1924,1950,0.0,617,865,1310,2,6,0,1924.0,1,398
203,6,2004,2004,205.0,848,848,848,1,3,1,2004.0,2,420
204,5,1947,1950,0.0,720,720,1284,1,5,0,1948.0,1,240
205,7,1990,1990,0.0,1424,1442,1442,2,5,0,1990.0,2,500
206,5,1962,1962,0.0,1140,1696,1696,1,8,1,1962.0,1,349
207,4,1960,1960,0.0,1100,1100,1100,1,6,1,1960.0,1,312
208,7,1988,1989,128.0,1157,1180,2062,2,7,1,1988.0,2,454
209,6,1964,1964,260.0,1092,1092,1092,1,6,0,1964.0,2,504
210,5,1925,1950,0.0,864,864,864,1,5,0,,0,0
211,6,2009,2009,0.0,1212,1212,1212,2,6,0,2009.0,2,460
212,7,2009,2009,0.0,900,932,1852,2,7,1,2009.0,2,644
213,5,1995,1995,0.0,990,990,990,1,5,0,1996.0,2,576
214,6,1977,1977,153.0,689,689,1392,1,6,0,1977.0,1,299
215,5,1957,1996,64.0,1070,1236,1236,1,6,1,1957.0,1,447
216,7,2004,2004,266.0,1436,1436,1436,2,8,0,2004.0,2,484
217,4,1925,1950,0.0,686,810,1328,1,8,0,1940.0,1,210
218,7,1939,2006,312.0,798,1137,1954,1,8,2,1939.0,2,431
219,7,2005,2006,16.0,1248,1248,1248,2,5,0,2005.0,2,438
220,7,2006,2006,0.0,1498,1498,1498,2,5,0,2006.0,2,675
221,6,2002,2002,0.0,1010,1010,2267,2,8,1,2002.0,2,390
222,6,1975,1975,0.0,713,811,1552,2,6,1,1975.0,2,434
223,4,1971,1971,0.0,864,864,864,1,4,0,1989.0,2,576
224,10,2003,2003,922.0,2392,2392,2392,2,8,1,2003.0,3,968
225,5,1971,1971,142.0,630,630,1302,2,6,0,1991.0,1,280
226,7,1995,1995,290.0,1203,1214,2520,2,9,1,1995.0,3,721
227,6,1970,1970,127.0,483,483,987,1,5,0,1987.0,1,280
228,5,1967,1967,0.0,912,912,912,1,5,1,1974.0,1,336
229,7,2005,2006,16.0,1373,1555,1555,2,7,1,2005.0,2,430
230,6,1959,1959,220.0,1194,1194,1194,1,6,0,1959.0,1,312
231,8,1995,1996,506.0,1462,1490,2794,2,9,1,1995.0,3,810
232,6,1972,1972,297.0,483,483,987,1,5,1,1972.0,1,288
233,5,1976,1976,0.0,894,894,894,1,5,0,1976.0,1,308
234,6,2002,2002,,860,860,1960,2,8,2,2002.0,2,440
235,6,1971,1971,604.0,483,483,987,1,5,0,1971.0,1,264
236,7,2004,2004,98.0,1414,1414,1414,2,6,0,2004.0,2,494
237,7,1993,2003,0.0,996,1014,1744,2,7,0,1993.0,2,457
238,8,2007,2007,254.0,1694,1694,1694,2,7,0,2007.0,3,818
239,6,1945,1950,0.0,735,798,1487,1,7,1,1949.0,1,220
240,8,2008,2008,36.0,1566,1566,1566,2,7,0,2008.0,2,750
241,5,1945,1997,0.0,686,866,866,1,4,0,,0,0
242,5,1900,1950,0.0,540,889,1440,1,6,0,1940.0,1,352
243,6,1980,1980,0.0,626,626,1217,1,6,1,1980.0,1,288
244,7,1994,2002,0.0,948,1222,2110,2,8,2,1994.0,2,463
245,7,1988,1988,102.0,1845,1872,1872,2,6,1,1988.0,2,604
246,6,1910,1950,0.0,1020,908,1928,2,9,0,1910.0,1,440
247,6,1954,1954,0.0,1367,1375,1375,1,5,1,1954.0,2,451
248,7,2003,2003,101.0,840,840,1668,2,8,0,2003.0,2,500
249,6,1958,2006,472.0,1444,1444,2144,2,7,2,1958.0,2,389
250,3,1940,1966,0.0,728,1306,1306,1,6,0,,0,0
251,8,2006,2007,481.0,1573,1625,1625,2,5,1,2006.0,2,538
252,6,2004,2004,0.0,798,798,1640,2,6,0,2004.0,2,520
253,6,1964,1991,108.0,1302,1302,1302,2,7,0,1964.0,1,309
254,5,1957,1957,0.0,1314,1314,1314,1,5,0,1957.0,1,294
255,7,1999,1999,302.0,975,1005,2291,2,8,1,1999.0,2,429
256,6,2003,2003,0.0,864,864,1728,2,7,0,2003.0,2,673
257,7,2006,2006,180.0,1604,1604,1604,2,8,1,2006.0,2,660
258,7,2001,2001,172.0,963,963,1792,2,7,1,2001.0,2,564
259,5,1956,1956,0.0,0,882,882,1,4,0,1956.0,1,308
260,6,1962,1962,399.0,1362,1382,1382,1,6,1,1991.0,2,884
261,8,2007,2007,270.0,1482,1482,2574,2,10,1,2007.0,3,868
262,6,1977,1995,46.0,506,1212,1212,1,6,1,1978.0,2,492
263,5,1929,2001,0.0,926,926,1316,1,6,0,1974.0,2,484
264,5,1925,2004,0.0,680,764,764,1,4,0,1965.0,2,504
265,6,1981,1981,210.0,1422,1422,1422,2,7,1,1981.0,2,576
266,6,1997,1997,0.0,802,802,1511,2,8,1,1997.0,2,413
267,5,1939,1997,0.0,720,1052,2192,2,8,1,1939.0,1,240
268,5,1940,1955,0.0,740,778,778,1,4,1,1966.0,1,924
269,6,1976,1976,174.0,1143,1113,1113,1,6,1,1987.0,1,504
270,8,2006,2006,0.0,1095,1095,1939,2,8,1,2006.0,3,1053
271,7,1954,2005,0.0,1385,1363,1363,1,5,2,1954.0,2,439
272,8,1999,2007,348.0,1152,1164,2270,2,9,1,1999.0,3,671
273,6,1958,1988,183.0,1240,1632,1632,2,6,1,1958.0,1,338
274,5,1982,1982,0.0,816,816,816,1,5,0,1982.0,1,264
275,7,1925,2007,0.0,952,952,1548,2,5,0,1978.0,2,672
276,7,2003,2003,0.0,1560,1560,1560,2,7,0,2003.0,2,573
277,4,1951,1951,0.0,864,864,864,1,4,0,1951.0,2,400
278,9,2006,2007,315.0,2121,2121,2121,2,8,1,2007.0,3,732
279,7,1977,1977,299.0,1160,1156,2022,2,8,1,1977.0,2,505
280,7,1989,1989,340.0,807,1175,1982,2,7,1,1989.0,2,575
281,6,2006,2006,68.0,1262,1262,1262,2,5,0,2006.0,2,572
282,7,2007,2008,166.0,1314,1314,1314,2,6,1,2008.0,2,626
283,8,2008,2009,72.0,1468,1468,1468,2,6,1,2008.0,3,898
284,6,1992,1992,0.0,1575,1575,1575,2,5,0,1992.0,2,529
285,7,2006,2007,0.0,625,625,1250,2,5,0,2006.0,2,528
286,6,1962,1981,0.0,912,1085,1734,1,7,1,1962.0,2,440
287,4,1971,1971,0.0,858,858,858,1,5,0,,0,0
288,5,1967,1967,31.0,882,900,900,1,5,0,1970.0,1,280
289,6,1915,2003,0.0,698,698,1396,1,7,0,2003.0,1,384
290,8,2006,2006,0.0,1079,1079,1919,2,8,1,2006.0,2,685
291,5,1912,2000,0.0,780,936,1716,2,9,0,,0,0
292,5,1949,2008,0.0,768,1148,1716,1,8,1,1949.0,1,281
293,7,1977,1994,34.0,795,1468,2263,2,9,1,1977.0,2,539
294,6,1953,1953,238.0,1416,1644,1644,1,7,2,1953.0,2,418
295,6,1984,1984,0.0,1003,1003,1003,1,6,0,1984.0,2,588
296,5,1950,1950,0.0,910,910,1558,1,6,0,1950.0,1,282
297,7,1997,1998,1600.0,975,975,1950,2,7,1,1997.0,2,576
298,6,1968,1968,365.0,702,1041,1743,1,7,1,1968.0,2,539
299,6,1950,2004,0.0,1092,1152,1152,1,6,1,1950.0,1,300
300,5,1953,1953,56.0,1165,1336,1336,1,5,2,1953.0,1,375
301,8,1998,1999,0.0,1028,1210,2452,2,9,1,1998.0,2,683
302,7,2001,2002,150.0,1541,1541,1541,2,6,1,2001.0,3,843
303,5,1972,1972,0.0,894,894,894,1,5,0,1975.0,2,552
304,7,1880,2002,0.0,1470,1675,3493,3,10,1,2003.0,3,870
305,8,2004,2005,246.0,2000,2000,2000,2,8,0,2004.0,3,888
306,7,1990,1991,246.0,700,1122,2243,2,8,1,1990.0,3,746
307,6,1920,1950,0.0,319,1035,1406,1,6,0,,0,0
308,4,1940,1950,0.0,861,861,861,1,4,0,1961.0,2,539
309,9,2003,2004,0.0,1896,1944,1944,2,8,3,2003.0,3,708
310,6,1993,1994,112.0,697,697,1501,2,6,1,1993.0,2,420
311,6,1948,2002,0.0,972,972,972,1,5,1,1948.0,1,240
312,5,1939,1950,0.0,793,793,1118,1,5,1,1939.0,2,410
313,7,1965,1965,0.0,2136,2036,2036,2,8,2,1965.0,2,513
314,7,1925,1990,0.0,728,832,1641,1,6,1,1925.0,2,546
315,7,2004,2005,0.0,716,716,1432,2,6,1,2004.0,2,432
316,7,1980,1980,278.0,845,1153,2353,2,10,1,1983.0,2,484
317,8,2006,2006,0.0,1088,1088,1959,2,8,1,2006.0,3,1025
318,7,1993,1993,256.0,1347,1372,2646,2,9,1,1993.0,3,656
319,7,1980,1980,225.0,1372,1472,1472,2,6,2,1980.0,2,588
320,9,2006,2006,370.0,1249,1249,2596,3,9,0,2006.0,3,840
321,8,2004,2004,388.0,1136,1136,2468,2,10,1,2004.0,3,872
322,7,1986,1987,172.0,1502,1553,2730,2,8,1,1987.0,2,576
323,3,1955,2005,0.0,1162,1163,1163,1,6,0,1955.0,1,220
324,7,1967,2007,300.0,710,1898,2978,2,11,1,1961.0,2,564
325,5,1941,1950,0.0,720,803,803,1,5,0,1941.0,2,360
326,8,1993,1993,0.0,1719,1719,1719,1,6,2,1993.0,2,473
327,6,1960,1960,175.0,1383,1383,1383,1,7,0,1960.0,1,292
328,6,1916,1994,0.0,844,1445,2134,2,10,0,1930.0,2,441
329,5,1920,1950,0.0,596,596,1192,1,6,0,1920.0,1,189
330,5,1964,1964,84.0,1728,1728,1728,2,10,0,2002.0,1,352
331,5,1958,1992,0.0,1056,1056,1056,1,6,0,1958.0,1,308
332,8,2003,2004,296.0,3206,1629,1629,2,7,1,2003.0,3,880
333,7,2004,2004,146.0,1358,1358,1358,2,6,1,2004.0,2,484
334,6,1998,1998,0.0,943,943,1638,2,7,2,1998.0,2,472
335,5,1965,1965,0.0,1499,1619,1786,2,7,2,1965.0,2,529
336,9,2005,2006,200.0,1922,1922,1922,2,8,1,2005.0,3,676
337,7,2002,2003,113.0,1536,1536,1536,2,7,0,2002.0,2,532
338,7,1984,1998,0.0,1208,1621,1621,2,8,0,1984.0,2,440
339,6,1958,1998,176.0,1215,1215,1215,1,6,0,1958.0,1,297
340,8,2002,2002,0.0,967,993,1908,2,9,0,2002.0,2,431
341,4,1950,1950,0.0,721,841,841,1,4,0,1950.0,1,294
342,3,1949,1950,340.0,0,1040,1040,2,6,0,1949.0,2,400
343,9,2005,2005,616.0,1684,1684,1684,2,6,1,2005.0,2,564
344,5,1976,1976,0.0,536,536,1112,1,4,0,1976.0,1,336
345,6,1939,1950,0.0,972,972,1577,1,6,1,1939.0,1,312
346,6,1960,1998,0.0,958,958,958,1,5,0,1960.0,1,301
347,6,1960,1960,30.0,1478,1478,1478,2,6,2,1960.0,2,498
348,7,2003,2004,106.0,764,764,1626,2,6,0,2003.0,2,474
349,9,2005,2006,870.0,1848,1848,2728,2,10,2,2006.0,3,706
350,9,2007,2007,362.0,1869,1869,1869,2,6,1,2007.0,2,617
351,7,1986,1986,0.0,1453,1453,1453,1,6,1,1986.0,2,445
352,5,1941,1950,0.0,616,616,1111,1,5,0,1941.0,1,200
353,6,1928,2003,0.0,624,720,720,1,5,0,2005.0,2,484
354,6,1940,2000,0.0,940,1192,1595,1,6,2,1940.0,1,240
355,6,1995,1995,0.0,1200,1200,1200,2,6,0,1995.0,2,521
356,6,1992,1992,106.0,1158,1167,1167,2,6,0,1992.0,2,400
357,5,1976,1976,0.0,1142,1142,1142,1,6,1,1976.0,2,528
358,5,1958,1958,120.0,1062,1352,1352,1,6,0,1958.0,1,288
359,8,1998,1998,530.0,1086,1086,1924,2,7,1,1998.0,2,592
360,6,1978,1978,0.0,888,912,912,1,5,1,1978.0,2,470
361,5,1940,1982,0.0,883,988,1505,1,8,0,1940.0,1,240
362,7,2003,2003,500.0,0,495,1922,3,7,1,2003.0,2,672
363,6,1972,2007,510.0,483,483,987,1,5,0,1972.0,1,264
364,6,1976,1976,120.0,796,790,1574,2,6,1,1976.0,2,566
365,5,1920,1997,0.0,672,672,1344,1,6,0,1964.0,1,468
366,6,1963,1963,247.0,1394,1394,1394,1,6,2,1963.0,2,514
367,6,1962,1962,305.0,1099,1431,1431,1,6,1,1962.0,1,296
368,5,1954,1954,200.0,1268,1268,1268,1,7,1,1954.0,1,244
369,5,1959,2006,0.0,1063,1287,1287,1,7,1,1997.0,2,576
370,6,2000,2000,0.0,953,953,1664,2,7,1,2000.0,2,460
371,4,1959,1959,0.0,0,1120,1588,2,7,1,1991.0,2,680
372,6,1984,1984,0.0,744,752,752,1,4,0,1984.0,1,264
373,5,1953,1953,0.0,608,1319,1319,1,5,0,1953.0,1,270
374,7,2003,2004,0.0,847,847,1928,2,8,1,2003.0,2,434
375,1,1922,1950,0.0,683,904,904,0,4,0,,0,0
376,5,1996,1996,0.0,870,914,914,1,5,0,1998.0,2,576
377,8,2004,2005,0.0,1580,1580,2466,3,8,1,2004.0,2,610
378,9,2010,2010,350.0,1856,1856,1856,1,8,1,2010.0,3,834
379,6,2000,2000,16.0,982,1007,1800,2,7,1,2000.0,2,463
380,5,1924,1950,0.0,1026,1026,1691,2,6,1,1924.0,1,308
381,7,2006,2006,0.0,1293,1301,1301,2,5,1,2006.0,2,572
382,7,2006,2006,0.0,939,939,1797,2,8,0,2006.0,2,639
383,6,1928,1950,0.0,784,784,784,1,5,0,1950.0,2,360
384,6,1992,1992,0.0,1580,1079,1953,2,9,2,1992.0,2,501
385,8,2004,2005,16.0,1256,1269,1269,2,6,1,2004.0,2,430
386,5,1910,1996,0.0,658,658,1184,1,8,0,,0,0
387,6,1976,1976,255.0,1041,1125,1125,1,6,1,1977.0,1,352
388,7,1999,2000,125.0,1468,1479,1479,2,6,0,1999.0,2,577
389,10,2007,2008,272.0,1682,1742,2332,2,9,1,2008.0,3,846
390,5,1900,1950,0.0,861,961,1367,1,7,0,1978.0,1,384
391,6,2001,2002,0.0,804,804,1961,2,7,1,2001.0,2,560
392,5,1959,1959,0.0,0,882,882,1,5,0,1959.0,1,294
393,4,1941,1950,0.0,788,788,788,1,4,2,,0,0
394,5,1940,1950,0.0,735,735,1034,1,5,0,1940.0,1,240
395,5,1956,1956,0.0,1144,1144,1144,1,6,0,1956.0,1,596
396,5,1972,1972,0.0,894,894,894,1,6,0,1985.0,2,600
397,5,1962,1962,288.0,864,876,1812,2,8,1,1962.0,1,264
398,5,1920,1950,0.0,961,1077,1077,1,6,0,1920.0,1,338
399,7,2006,2007,100.0,1092,1112,1550,2,7,0,2007.0,2,438
400,8,1996,1996,0.0,1260,1288,1288,1,4,2,1996.0,2,500
401,7,2005,2005,0.0,1310,1310,1310,2,6,1,2005.0,2,400
402,5,1940,1997,0.0,672,672,672,1,4,0,1940.0,1,240
403,8,1998,1998,650.0,1141,1165,2263,2,10,1,1998.0,2,420
404,6,1995,1996,0.0,806,806,1572,2,7,1,1995.0,2,373
405,4,1976,1993,0.0,1281,1620,1620,2,8,1,1993.0,2,490
406,6,1936,1950,0.0,1064,1166,1639,1,6,0,1936.0,1,240
407,6,1915,1976,0.0,840,840,1680,2,8,0,1960.0,1,308
408,7,2006,2006,350.0,1063,1071,2172,2,9,1,2006.0,3,947
409,8,2007,2008,100.0,1034,1050,2078,2,8,1,2008.0,3,836
410,5,1958,1958,0.0,1276,1276,1276,1,5,0,1958.0,1,350
411,5,1955,1955,0.0,1056,1056,1056,1,5,0,1955.0,2,572
412,7,2009,2009,432.0,1470,1478,1478,2,7,1,2009.0,2,484
413,5,1927,1950,0.0,1008,1028,1028,1,5,1,1927.0,2,360
414,7,1993,1993,0.0,1080,1080,2097,2,9,1,1993.0,3,678
415,7,2007,2007,0.0,1340,1340,1340,2,6,0,2007.0,2,396
416,6,1978,1978,203.0,672,672,1400,1,6,1,1978.0,2,440
417,6,1918,1950,0.0,1370,1370,2624,2,10,1,1918.0,3,864
418,5,1940,1950,0.0,756,756,1134,1,7,0,1940.0,1,240
419,5,1968,1968,0.0,1056,1056,1056,1,6,1,1968.0,1,304
420,7,1997,1998,200.0,1344,1344,1344,2,8,0,1997.0,4,784
421,6,1977,2000,126.0,1602,1602,1602,2,8,1,1977.0,2,529
422,5,1954,1954,0.0,988,988,988,1,4,0,1954.0,2,520
423,8,1998,1998,473.0,1470,1470,2630,2,8,1,1998.0,3,696
424,6,1956,1956,74.0,1196,1196,1196,1,6,1,1956.0,1,297
425,7,1946,1992,0.0,651,707,1389,1,6,2,1947.0,1,240
426,7,1989,1989,145.0,1518,1644,1644,2,5,1,1989.0,2,569
427,4,1957,1957,0.0,907,907,907,1,5,0,1964.0,1,352
428,7,2007,2007,108.0,1208,1208,1208,2,6,0,2007.0,2,628
429,6,1988,1988,0.0,1392,1412,1412,2,6,1,1988.0,2,576
430,6,1971,1971,232.0,483,483,987,1,4,0,1971.0,1,264
431,6,1920,1998,0.0,901,1088,1198,1,7,0,,0,0
432,5,1971,1971,376.0,765,765,1365,1,6,0,1971.0,2,440
433,6,1997,1998,0.0,926,926,1604,2,7,1,1997.0,2,470
434,4,1972,1972,0.0,630,630,630,1,3,0,,0,0
435,7,1996,1996,0.0,799,827,1661,2,6,1,1996.0,2,550
436,6,1920,1950,0.0,648,734,1118,1,6,0,1990.0,2,440
437,6,1926,2004,0.0,884,904,904,1,4,0,1926.0,1,180
438,5,1913,2002,0.0,440,694,694,1,4,1,1990.0,1,352
439,6,1920,2000,0.0,684,684,1196,1,7,0,2005.0,2,528
440,10,2008,2008,200.0,3094,2402,2402,2,10,2,2008.0,3,672
441,4,1955,1955,270.0,1440,1440,1440,2,8,0,,0,0
442,5,1930,1992,0.0,1078,1128,1573,2,8,1,1930.0,2,360
443,7,2006,2007,72.0,1258,1258,1258,2,6,1,2007.0,3,648
444,7,1994,1995,0.0,915,933,1908,2,8,1,1994.0,2,493
445,6,1956,1956,0.0,1436,1689,1689,1,7,1,1956.0,2,480
446,6,1966,2002,0.0,1517,1888,1888,2,6,1,1966.0,2,578
447,7,1998,1999,0.0,930,956,1886,2,10,1,1998.0,2,431
448,6,1937,1950,0.0,780,780,1376,2,7,1,1937.0,1,198
449,3,1948,2002,0.0,649,679,1183,1,6,0,1981.0,1,308
450,6,1930,2005,0.0,813,813,813,1,5,0,1932.0,1,270
451,7,1975,1975,0.0,1533,1533,1533,2,5,2,1975.0,2,576
452,6,1996,1997,42.0,872,888,1756,2,7,0,1996.0,2,422
453,8,2008,2008,0.0,768,786,1590,2,6,0,2008.0,2,676
454,5,1976,1976,0.0,1728,1728,1728,2,8,0,1976.0,2,560
455,7,1973,1973,320.0,1242,1242,1242,1,6,1,1973.0,2,528
456,5,1916,1950,0.0,624,624,1344,1,7,0,1916.0,3,513
457,4,1954,1994,0.0,1364,1663,1663,1,6,2,1954.0,2,529
458,8,1925,1996,0.0,588,833,1666,1,7,1,1925.0,1,228
459,5,1950,1950,161.0,709,979,1203,1,5,1,1950.0,1,352
460,8,2009,2009,110.0,832,832,1935,2,8,0,2009.0,2,552
461,7,1936,2007,0.0,560,575,1135,1,6,0,1971.0,2,576
462,5,1965,1965,0.0,864,864,864,1,5,1,1965.0,1,360
463,6,1934,1995,0.0,715,849,1660,1,6,1,1939.0,1,240
464,5,1978,1978,136.0,1040,1040,1040,2,5,0,,0,0
465,7,2004,2004,18.0,1375,1414,1414,2,6,1,2004.0,2,398
466,7,1970,1970,0.0,1277,1277,1277,1,5,1,1970.0,2,526
467,5,1942,1995,224.0,728,888,1644,1,7,2,1942.0,1,312
468,8,2006,2006,248.0,1626,1634,1634,2,7,1,2006.0,3,866
469,6,1993,1993,120.0,832,832,1710,2,7,0,1993.0,2,506
470,8,1985,1985,0.0,1488,1502,1502,1,4,0,1985.0,2,528
471,7,1977,1977,0.0,808,1161,1969,2,8,1,1977.0,2,534
472,6,2005,2005,80.0,547,1072,1072,1,5,0,2005.0,2,525
473,8,2006,2007,304.0,1976,1976,1976,2,7,1,2006.0,3,908
474,8,2000,2000,0.0,1494,1652,1652,2,6,0,2000.0,2,499
475,5,1963,1963,0.0,970,970,970,1,5,0,1996.0,2,624
476,6,1997,1998,215.0,1478,1493,1493,2,7,1,1997.0,2,508
477,9,2006,2006,772.0,2153,2069,2643,2,9,1,2006.0,3,694
478,8,2007,2008,336.0,1705,1718,1718,2,7,1,2007.0,3,826
479,4,1937,2000,435.0,907,1131,1131,1,7,0,1995.0,2,672
480,9,2004,2005,378.0,1833,1850,1850,2,8,1,2004.0,3,772
481,9,2003,2004,562.0,1792,1792,1792,2,6,1,2003.0,3,874
482,7,1915,2005,0.0,910,916,1826,1,7,1,1915.0,1,164
483,6,1998,1998,116.0,1216,1216,1216,2,5,0,1998.0,2,402
484,5,1962,2001,0.0,999,999,999,1,6,0,1963.0,1,264
485,5,1950,2007,0.0,1113,1113,1113,1,5,1,1950.0,1,264
486,5,1965,1965,168.0,1073,1073,1073,1,6,0,1965.0,2,515
487,5,1971,1971,0.0,1484,1484,1484,2,7,1,1971.0,2,487
488,5,1900,1970,0.0,954,1766,2414,2,10,1,1970.0,2,520
489,4,1970,2002,0.0,630,630,630,1,3,0,1970.0,1,286
490,5,1976,1976,0.0,264,616,1304,1,4,1,1976.0,1,336
491,6,1941,1950,0.0,806,958,1578,1,5,2,1941.0,1,240
492,6,2006,2006,0.0,728,728,1456,2,8,0,2006.0,2,429
493,5,1960,1960,0.0,1269,1269,1269,1,6,1,1964.0,1,308
494,5,1938,1996,0.0,190,886,886,1,4,0,1938.0,1,273
495,4,1920,1950,0.0,720,720,720,1,4,0,,0,0
496,8,1992,1993,0.0,3200,3228,3228,3,10,1,1992.0,2,546
497,7,1925,1950,0.0,1026,1133,1820,2,8,0,1925.0,1,240
498,5,1967,2004,89.0,864,899,899,1,5,0,1967.0,1,288
499,5,1958,1985,0.0,912,912,912,1,5,0,1958.0,1,297
500,6,1973,1973,285.0,672,672,1218,1,7,0,1973.0,1,264
501,7,2005,2005,0.0,866,866,1768,2,7,0,2005.0,2,603
502,5,1965,1965,0.0,1214,1214,1214,1,6,0,1965.0,2,461
503,7,1959,1997,0.0,1501,1801,1801,2,6,2,1959.0,2,484
504,6,1974,1974,0.0,855,855,1322,2,6,1,1974.0,2,440
505,5,1952,1952,360.0,960,960,1960,2,10,0,1952.0,2,400
506,8,1993,1994,125.0,777,1065,1911,2,8,1,1993.0,2,471
507,6,2009,2009,0.0,1218,1218,1218,2,4,0,2009.0,2,676
508,7,1928,2005,0.0,689,689,1378,2,7,1,1928.0,2,360
509,5,1959,1959,132.0,1041,1041,1041,1,6,0,1959.0,1,270
510,5,1951,2000,70.0,1008,1363,1363,1,6,2,1951.0,1,288
511,7,2005,2006,94.0,1368,1368,1368,2,6,1,2005.0,2,474
512,5,1958,1958,0.0,864,864,864,1,5,0,1964.0,2,624
513,6,1983,1983,0.0,1084,1080,1080,1,5,0,1983.0,2,484
514,5,1926,1950,0.0,768,789,789,1,5,0,1926.0,1,200
515,10,2009,2009,305.0,2006,2020,2020,2,9,1,2009.0,3,900
516,6,1972,1972,333.0,689,1378,2119,2,7,1,1972.0,2,583
517,7,1996,1997,921.0,1264,1277,2344,2,7,1,1996.0,3,889
518,6,1998,1998,0.0,794,882,1796,2,7,0,1998.0,2,546
519,7,1926,2004,0.0,1276,1276,2080,1,9,2,1926.0,1,282
520,4,1900,2000,0.0,0,694,1294,2,7,0,,0,0
521,6,1957,1957,0.0,1244,1244,1244,1,6,2,1957.0,1,336
522,6,1947,1950,0.0,1004,1004,1664,2,7,2,1950.0,2,420
523,10,2007,2008,762.0,3138,3138,4676,3,11,1,2007.0,3,884
524,7,1996,1997,594.0,1379,1383,2398,2,8,1,1996.0,3,834
525,7,2005,2005,0.0,1257,1266,1266,2,6,1,2005.0,2,453
526,5,1956,2000,0.0,928,928,928,1,4,0,1956.0,1,252
527,9,2008,2008,268.0,1452,1476,2713,2,11,1,2008.0,3,858
528,4,1920,2002,0.0,528,605,605,1,5,0,,0,0
529,6,1957,1975,,2035,2515,2515,3,9,2,1975.0,2,484
530,6,1988,1989,219.0,1461,1509,1509,2,5,1,1988.0,2,600
531,6,1920,1999,0.0,611,751,1362,2,6,0,1920.0,2,502
532,5,1955,2007,0.0,0,827,827,1,5,1,1967.0,1,392
533,1,1946,1950,0.0,0,334,334,1,2,0,,0,0
534,8,2004,2004,0.0,707,707,1414,2,6,1,2004.0,2,403
535,5,1910,1991,0.0,1117,820,1347,1,5,0,,0,0
536,7,1998,1999,0.0,880,880,1724,2,8,0,1998.0,2,527
537,4,1972,1972,0.0,864,864,864,1,5,0,1980.0,2,576
538,5,1968,1968,188.0,1051,1159,1159,1,7,1,1968.0,1,336
539,8,2001,2002,479.0,1581,1601,1601,2,6,1,2001.0,2,670
540,9,2006,2006,584.0,1838,1838,1838,2,8,1,2006.0,3,765
541,8,2000,2000,72.0,969,997,2285,2,8,1,2000.0,3,648
542,7,1998,1999,0.0,1650,1680,1680,2,7,1,1998.0,2,583
543,7,1998,1998,182.0,723,767,767,1,4,0,1998.0,1,367
544,7,2006,2006,0.0,654,664,1496,2,7,1,2006.0,2,426
545,7,1988,1988,178.0,1204,1377,2183,2,9,0,1988.0,3,786
546,6,1923,1950,0.0,1065,915,1635,1,6,1,1950.0,2,440
547,5,1970,1970,0.0,768,768,768,1,5,0,1987.0,2,624
548,5,1955,1995,0.0,825,825,825,1,4,0,1963.0,2,720
549,7,2003,2004,0.0,912,912,2094,2,8,1,2003.0,2,615
550,6,1977,1977,0.0,1069,1069,1069,2,4,0,1977.0,2,440
551,5,1957,1957,0.0,928,928,928,1,5,0,1957.0,1,288
552,8,2006,2006,250.0,1709,1717,1717,2,7,1,2006.0,3,908
553,4,1949,2003,0.0,0,1126,1126,2,5,0,2002.0,2,520
554,7,2003,2004,292.0,998,1006,2046,2,8,1,2003.0,3,871
555,5,1922,1950,0.0,993,1048,1048,1,5,1,1922.0,1,280
556,5,1957,1957,0.0,1092,1092,1092,1,6,1,1957.0,1,299
557,4,1920,1950,0.0,637,897,1336,1,7,0,1994.0,1,570
558,7,1996,1997,0.0,729,729,1446,2,6,1,1996.0,2,406
559,7,2003,2004,18.0,1374,1557,1557,2,7,1,2003.0,2,420
560,5,1957,1996,180.0,1392,1392,1392,1,5,1,1957.0,2,528
561,5,1974,1975,0.0,1389,1389,1389,1,6,1,1975.0,2,418
562,5,1940,1969,0.0,996,996,996,1,6,1,,0,0
563,6,1918,1950,0.0,1163,1163,1674,2,8,1,1955.0,2,396
564,7,1992,2000,0.0,1095,1166,2295,2,9,1,1992.0,2,590
565,6,1915,1950,0.0,806,841,1647,1,6,0,1920.0,1,216
566,9,2005,2007,245.0,1122,1134,2504,2,11,1,2005.0,3,656
567,7,2004,2004,168.0,1517,1535,1535,2,7,0,2004.0,2,532
568,8,1983,2009,0.0,1496,1496,2132,1,5,1,1983.0,2,612
569,5,1979,1979,0.0,943,943,943,1,4,2,1979.0,2,600
570,5,1965,1965,108.0,1728,1728,1728,2,10,0,1987.0,2,576
571,6,1959,1959,207.0,864,864,864,1,4,0,1959.0,1,288
572,7,2009,2009,0.0,846,846,1692,2,6,0,2009.0,2,650
573,7,2000,2000,0.0,384,774,1430,2,8,1,2000.0,2,400
574,5,1971,2005,82.0,372,576,1109,1,5,0,1971.0,1,288
575,5,1947,1950,0.0,832,832,1216,1,6,0,1947.0,1,336
576,7,1928,1950,0.0,861,877,1477,2,6,1,1928.0,1,216
577,5,1966,1966,97.0,1164,1320,1320,1,6,2,1966.0,2,564
578,7,2007,2007,0.0,689,703,1392,2,5,0,2007.0,2,540
579,5,1954,1954,335.0,1050,1050,1795,2,7,0,1954.0,1,352
580,6,1960,1987,85.0,1144,1429,1429,1,7,2,1960.0,2,572
581,8,2008,2009,306.0,2042,2042,2042,2,8,1,2009.0,3,1390
582,6,1990,1990,104.0,816,816,816,1,5,0,,0,0
583,10,1893,2000,0.0,1237,1521,2775,3,9,1,1988.0,2,880
584,4,1935,1995,0.0,884,989,1573,1,6,0,1935.0,1,240
585,8,2005,2006,208.0,1868,2028,2028,2,7,2,2005.0,3,880
586,6,1918,2000,0.0,816,838,838,1,5,0,1961.0,1,275
587,5,1982,1982,0.0,840,860,860,1,4,0,1996.0,2,528
588,5,1968,2003,0.0,1437,1473,1473,1,5,2,1968.0,1,452
589,5,1930,1960,0.0,742,779,935,1,4,0,1988.0,1,308
590,7,2004,2004,0.0,770,770,1582,2,6,0,2004.0,2,520
591,10,2008,2008,420.0,1722,1728,2296,2,10,1,2008.0,3,842
592,5,1982,2003,0.0,816,816,816,1,4,0,1985.0,2,816
593,6,2003,2003,170.0,848,848,848,1,4,0,2003.0,2,420
594,5,1975,1975,0.0,924,924,924,1,5,0,1981.0,1,280
595,8,2005,2006,238.0,1814,1826,1826,2,7,1,2005.0,3,758
596,6,1910,1993,0.0,684,684,1368,1,7,0,1930.0,1,216
597,7,2006,2007,72.0,1258,1402,1402,0,7,1,2006.0,3,648
598,5,1977,1977,459.0,1430,1647,1647,2,7,1,1977.0,2,621
599,6,1980,1980,0.0,716,716,1556,2,6,1,1980.0,2,452
600,8,2005,2005,280.0,1058,1058,1904,2,8,1,2003.0,2,736
601,6,1937,1950,0.0,780,780,1375,1,6,1,1979.0,1,544
602,8,1992,1992,0.0,908,927,1915,2,8,1,1992.0,2,506
603,7,2004,2005,0.0,600,600,1200,2,4,0,2004.0,2,480
604,7,2002,2002,99.0,1494,1494,1494,2,6,1,2002.0,2,530
605,7,1965,1990,176.0,768,1186,1986,2,7,3,1965.0,2,486
606,5,1996,1996,0.0,1040,1040,1040,1,6,0,2000.0,2,576
607,5,1948,2002,0.0,896,1112,2008,3,8,0,1948.0,1,230
608,8,1934,1998,0.0,965,1940,3194,2,10,2,1934.0,2,380
609,4,1961,1961,192.0,1029,1029,1029,1,5,0,1961.0,1,261
610,9,2000,2000,204.0,1440,1476,2153,2,8,2,2000.0,3,736
611,6,1978,1978,233.0,1032,1032,1032,2,6,1,1978.0,2,564
612,8,2001,2001,108.0,1299,1299,1872,2,7,1,2001.0,2,531
613,5,2007,2007,0.0,1120,1120,1120,1,6,0,,0,0
614,4,1972,1972,0.0,630,630,630,1,3,0,,0,0
615,6,1963,1963,156.0,936,1054,1054,1,6,0,1963.0,2,480
616,6,2002,2003,0.0,783,807,1509,2,7,1,2002.0,2,393
617,6,1954,1954,0.0,832,832,832,1,4,0,1962.0,2,528
618,9,2007,2007,452.0,1822,1828,1828,2,9,1,2007.0,3,774
619,8,2003,2003,226.0,1482,1482,2262,2,10,2,2003.0,3,749
620,3,1914,1950,0.0,864,864,864,1,5,0,,0,0
621,6,1974,1997,0.0,1522,1548,2614,2,9,1,1974.0,2,624
622,5,1977,1977,153.0,980,980,980,1,6,0,1986.0,2,484
623,6,2000,2000,513.0,756,756,1512,2,4,1,2000.0,2,440
624,6,1972,1972,288.0,732,1012,1790,1,8,1,1972.0,2,484
625,6,1962,1962,261.0,1116,1116,1116,1,5,0,1962.0,2,440
626,5,1960,1978,0.0,978,1422,1422,1,6,1,1960.0,1,286
627,6,1955,1972,164.0,1156,1520,1520,1,7,2,1955.0,1,364
628,5,1969,1969,192.0,1040,1040,2080,1,9,2,1969.0,2,504
629,6,1964,1964,259.0,1248,1350,1350,1,6,0,1964.0,2,520
630,5,1880,1991,0.0,636,1089,1750,1,8,0,1937.0,1,240
631,8,2006,2006,108.0,1554,1554,1554,2,6,1,2006.0,2,627
632,7,1977,1977,209.0,1386,1411,1411,2,6,1,1977.0,2,544
633,5,1954,2005,0.0,1056,1056,1056,1,6,0,1954.0,1,260
634,6,1980,1980,0.0,1056,1056,1056,0,4,0,1980.0,2,576
635,6,1914,1995,0.0,1440,1440,3395,2,14,0,,0,0
636,2,1936,1950,0.0,264,800,800,1,4,1,,0,0
637,5,1954,1954,0.0,811,811,1387,2,7,0,1954.0,1,256
638,5,1910,1950,0.0,796,796,796,1,4,0,,0,0
639,8,2006,2006,0.0,1520,1567,1567,2,7,1,2006.0,3,648
640,8,2003,2004,472.0,1518,1518,1518,1,6,1,2003.0,2,588
641,7,2001,2001,0.0,1057,1057,1929,2,7,1,2001.0,2,650
642,8,1972,1995,0.0,1952,2000,2704,2,9,3,1972.0,2,538
643,5,1969,1969,263.0,780,780,1620,2,7,0,1969.0,2,462
644,9,2009,2009,162.0,1766,1766,1766,2,7,1,2009.0,3,478
645,6,1971,1971,0.0,981,981,981,1,5,0,1979.0,2,576
646,5,1950,1950,0.0,0,1048,1048,1,7,0,1950.0,2,420
647,6,1953,1953,216.0,1094,1094,1094,1,5,2,1953.0,2,495
648,6,1966,1966,351.0,756,1051,1839,1,7,1,1966.0,2,442
649,4,1970,1970,0.0,630,630,630,1,3,0,,0,0
650,7,2007,2007,,813,822,1665,2,7,0,2007.0,2,562
651,4,1940,1950,0.0,755,755,1510,1,7,1,1940.0,1,296
652,7,1996,1996,0.0,880,909,1716,2,7,1,1996.0,2,512
653,6,1906,1995,0.0,756,756,1469,1,7,0,1906.0,1,216
654,8,1995,1995,660.0,2109,2113,2113,2,7,1,1995.0,3,839
655,6,1971,1971,381.0,525,525,1092,1,6,0,1971.0,1,264
656,5,1959,2006,54.0,1053,1053,1053,1,5,0,1959.0,1,312
657,7,1931,2000,0.0,776,851,1502,1,6,1,1931.0,1,270
658,6,1948,1950,0.0,912,912,1458,1,6,1,1948.0,1,330
659,5,1964,1999,0.0,1486,1486,1486,1,7,0,1968.0,2,480
660,7,1976,1976,233.0,793,1142,1935,2,7,1,1976.0,2,550
661,8,1994,2005,528.0,1629,1686,2448,2,8,1,1994.0,3,711
662,6,1968,1968,216.0,1392,1392,1392,1,5,2,1968.0,2,576
663,4,1972,1972,0.0,1138,1181,1181,2,6,0,1974.0,2,588
664,8,2005,2006,0.0,2077,2097,2097,1,8,1,2005.0,3,1134
665,8,2000,2000,40.0,1406,1454,1936,2,7,1,2000.0,2,504
666,6,1965,1979,113.0,1021,1465,2380,2,7,1,1965.0,2,596
667,6,1994,1998,258.0,1408,1679,1679,2,7,1,1994.0,2,575
668,5,1956,1987,0.0,1188,1437,1437,1,6,1,1999.0,2,576
669,4,1922,1950,0.0,700,1180,1180,1,5,1,1922.0,1,252
670,6,2005,2005,0.0,738,738,1476,2,7,0,2005.0,2,540
671,6,1925,1950,0.0,672,697,1369,2,6,0,1930.0,1,300
672,6,1977,1977,0.0,1208,1208,1208,1,6,1,1977.0,2,546
673,6,1957,2004,106.0,1477,1839,1839,2,7,2,1957.0,2,416
674,6,1965,1965,0.0,1136,1136,1136,1,5,1,1965.0,1,384
675,6,1978,1978,0.0,855,855,1441,2,7,1,1978.0,2,440
676,4,1900,1950,0.0,1095,1095,1774,2,8,0,1920.0,3,779
677,5,1924,2006,0.0,768,792,792,1,5,0,1924.0,1,240
678,8,2008,2008,464.0,2046,2046,2046,2,7,1,2008.0,3,834
679,5,1961,1961,57.0,988,988,988,1,5,0,1963.0,2,572
680,6,1980,1980,0.0,923,923,923,2,5,1,1980.0,1,264
681,5,1932,2000,0.0,793,848,1520,1,6,0,1968.0,1,281
682,6,1996,1997,0.0,1291,1291,1291,1,6,1,1996.0,2,431
683,9,2002,2002,215.0,1626,1668,1668,2,7,1,2002.0,3,702
684,7,1998,1998,30.0,1195,1195,1839,2,7,0,1998.0,2,486
685,7,1984,1984,0.0,1190,1190,2090,2,6,1,1984.0,2,577
686,7,2007,2007,0.0,874,874,1761,3,7,0,2007.0,2,578
687,7,2004,2004,0.0,551,551,1102,2,4,0,2004.0,2,480
688,8,2007,2007,0.0,1419,1419,1419,2,7,1,2007.0,2,567
689,6,2005,2006,256.0,1362,1362,1362,2,6,1,2005.0,2,460
690,6,2004,2004,147.0,848,848,848,1,3,1,2004.0,2,420
691,10,1994,1995,1170.0,2444,2444,4316,3,10,2,1994.0,3,832
692,7,1989,1990,293.0,1210,1238,2519,2,9,2,1989.0,2,628
693,5,1921,1968,0.0,1073,1073,1073,1,4,0,1968.0,1,326
694,5,1936,1950,0.0,927,1067,1539,1,5,0,1995.0,2,576
695,6,1987,1987,72.0,1112,1137,1137,2,5,1,1987.0,2,551
696,5,1921,1950,0.0,616,616,616,1,4,0,1921.0,1,205
697,5,1952,1952,0.0,980,1148,1148,1,6,0,1952.0,1,308
698,5,1965,2009,0.0,894,894,894,1,5,1,1973.0,1,336
699,7,2004,2004,0.0,1391,1391,1391,2,5,0,2004.0,2,530
700,8,2002,2002,630.0,1800,1800,1800,2,7,1,2002.0,3,765
701,7,1969,1969,168.0,1164,1164,1164,1,6,0,1969.0,2,528
702,8,2006,2006,466.0,1234,1264,2576,2,10,1,2006.0,3,666
703,5,1900,1996,0.0,360,1032,1812,2,8,1,1999.0,2,672
704,7,2004,2005,109.0,1473,1484,1484,2,7,0,2004.0,2,606
705,4,1930,1950,0.0,0,372,1092,2,7,0,,0,0
706,7,1971,2002,351.0,1643,1824,1824,2,5,2,1971.0,2,739
707,8,2006,2006,176.0,1324,1324,1324,2,6,1,2006.0,2,550
708,7,2007,2007,0.0,728,728,1456,2,8,1,2007.0,2,400
709,5,1966,1966,41.0,876,904,904,1,6,0,1966.0,1,408
710,3,1935,2003,0.0,270,729,729,1,5,0,,0,0
711,4,1900,1950,0.0,859,859,1178,1,7,0,1964.0,1,384
712,8,1988,1989,0.0,1228,1228,1228,2,5,1,1988.0,2,472
713,4,1970,1970,160.0,960,960,960,1,6,0,1970.0,2,576
714,6,1976,2005,289.0,725,725,1479,2,6,0,1976.0,2,475
715,6,1974,1974,174.0,1064,1350,1350,2,7,1,1974.0,2,478
716,7,1890,1998,0.0,718,1576,2554,1,8,0,1996.0,2,704
717,5,1973,2000,0.0,1176,1178,1178,1,5,1,1973.0,2,439
718,7,1993,1994,651.0,1311,1325,2418,2,9,1,1993.0,3,983
719,5,1969,1969,0.0,971,971,971,1,5,1,1969.0,1,300
720,8,1985,1985,0.0,1742,1742,1742,2,5,1,1985.0,2,564
721,6,2004,2004,169.0,848,848,848,1,3,0,2004.0,2,420
722,4,1970,1970,0.0,864,864,864,1,5,0,1994.0,2,463
723,4,1954,1972,0.0,941,997,1470,2,7,0,1958.0,1,548
724,9,2007,2008,340.0,1698,1698,1698,2,8,1,2007.0,3,768
725,4,1970,1970,0.0,864,864,864,1,5,0,1989.0,2,660
726,6,1988,2007,260.0,880,1680,1680,2,5,1,1988.0,2,540
727,7,2007,2007,82.0,1232,1232,1232,2,6,0,2007.0,2,632
728,5,1958,1958,95.0,1584,1776,1776,2,9,0,1968.0,3,888
729,4,1925,1950,0.0,780,848,1208,1,5,0,1962.0,2,539
730,8,1995,1996,0.0,1595,1616,1616,2,5,1,1995.0,2,608
731,7,2003,2003,442.0,868,1146,1146,2,6,1,2003.0,2,438
732,7,1998,1999,202.0,1153,1153,2031,2,8,1,1998.0,2,541
733,5,1961,1983,0.0,864,1144,1144,1,6,1,1961.0,1,264
734,5,1968,1968,0.0,948,948,948,1,6,0,1968.0,1,300
735,7,1914,1970,0.0,880,880,1768,1,6,2,1914.0,2,320
736,3,1950,1950,0.0,0,1040,1040,2,6,0,1949.0,2,400
737,8,2005,2005,0.0,893,901,1801,2,8,1,2005.0,3,800
738,5,1987,1988,0.0,1200,1200,1200,3,5,0,,0,0
739,7,2004,2004,0.0,864,864,1728,2,7,0,2004.0,2,572
740,5,1910,2002,0.0,264,768,1432,2,7,0,1910.0,2,360
741,6,1961,1996,0.0,912,912,912,1,5,0,1962.0,1,288
742,7,2000,2001,108.0,1349,1349,1349,2,6,0,2000.0,2,539
743,5,1963,1999,0.0,520,1464,1464,2,6,1,1997.0,2,480
744,8,1993,1993,0.0,1337,1337,1337,2,5,1,1993.0,2,462
745,8,1976,1996,289.0,1142,1175,2715,3,11,2,1994.0,2,831
746,7,2000,2000,0.0,952,980,2256,2,8,1,2000.0,2,554
747,7,1880,2003,0.0,1240,1320,2640,1,8,1,1950.0,4,864
748,7,1996,1996,338.0,1720,1720,1720,2,7,1,1996.0,2,527
749,4,1945,1950,0.0,0,1088,1529,2,9,0,1945.0,1,240
750,4,1910,2004,0.0,576,792,1140,1,7,0,,0,0
751,7,2003,2003,0.0,660,660,1320,2,6,0,2003.0,2,400
752,6,1997,1997,0.0,1479,1494,1494,2,6,0,1997.0,2,576
753,8,2005,2005,178.0,1030,1038,2098,2,8,1,2005.0,3,878
754,6,1969,2005,0.0,1026,1026,1026,1,5,0,1969.0,2,440
755,6,1999,1999,894.0,729,742,1471,2,6,0,1999.0,2,440
756,8,2007,2007,0.0,866,866,1768,2,7,0,2007.0,2,578
757,6,1978,1978,328.0,672,672,1386,2,6,1,1978.0,2,440
758,7,1999,1999,360.0,744,757,1501,2,6,0,1999.0,2,440
759,8,1995,1995,513.0,1318,1328,2531,2,9,1,1995.0,3,752
760,6,1959,1959,0.0,864,864,864,1,5,0,2008.0,1,300
761,5,1924,1950,0.0,1145,1301,1301,1,5,0,1965.0,2,440
762,7,2009,2009,0.0,756,764,1547,2,7,0,2009.0,2,614
763,8,1999,1999,673.0,1252,1268,2365,2,8,1,1999.0,3,856
764,8,1995,1996,0.0,1494,1494,1494,1,6,1,1995.0,2,481
765,9,2008,2008,284.0,1498,1506,1506,2,6,1,2008.0,2,592
766,7,1988,1988,42.0,980,980,1714,2,7,1,1988.0,2,496
767,6,1940,1985,0.0,983,983,1750,2,7,0,1989.0,1,423
768,7,2004,2005,0.0,1860,1836,1836,2,8,1,2004.0,2,484
769,8,2003,2003,603.0,1650,1690,3279,3,12,1,2003.0,3,841
770,5,1982,1982,0.0,858,858,858,1,5,0,1983.0,2,576
771,4,1951,1951,0.0,836,1220,1220,1,6,0,1951.0,2,396
772,6,1976,1976,0.0,1029,1117,1117,1,6,1,1976.0,2,672
773,5,1958,1958,1.0,912,912,912,1,5,0,1958.0,1,275
774,8,2006,2006,375.0,1935,1973,1973,2,9,1,2006.0,3,895
775,6,1998,1998,320.0,1204,1204,1204,2,5,0,1998.0,2,412
776,7,2005,2006,240.0,1614,1614,1614,2,7,0,2005.0,3,865
777,5,1974,1974,0.0,864,894,894,1,5,1,1974.0,2,440
778,5,1977,1977,320.0,0,2020,2020,2,10,2,1977.0,2,630
779,6,1977,1977,90.0,975,1004,1004,1,4,0,1977.0,2,504
780,7,1995,1996,38.0,1237,1253,1253,2,6,1,1995.0,2,402
781,6,1992,1992,0.0,761,810,1603,2,7,0,1992.0,2,484
782,7,2001,2002,0.0,1413,1430,1430,2,6,0,2001.0,2,605
783,5,1978,1978,104.0,1097,1110,1110,1,4,1,1978.0,2,602
784,6,1914,2001,0.0,742,742,1484,2,9,1,,0,0
785,6,1967,1967,0.0,1372,1342,1342,2,7,1,1967.0,2,457
786,5,1915,1950,0.0,686,966,1652,2,7,0,1961.0,1,416
787,7,2004,2004,0.0,956,956,2084,2,8,0,2004.0,2,618
788,4,1954,2000,0.0,901,901,901,1,4,0,1954.0,1,281
789,6,1966,2007,157.0,832,976,2087,2,9,0,1966.0,2,444
790,7,2005,2006,11.0,1145,1145,1145,2,5,1,2005.0,2,397
791,6,1976,1976,0.0,1029,1062,1062,1,5,2,1976.0,2,539
792,7,1996,1997,0.0,1117,1127,2013,2,8,1,1997.0,2,455
793,8,2007,2007,140.0,1496,1496,1496,2,7,0,2007.0,2,474
794,7,1994,1996,0.0,712,1086,1895,2,7,1,1994.0,2,409
795,6,1980,1981,130.0,650,888,1564,2,7,1,1980.0,2,476
796,6,1977,1977,148.0,660,1285,1285,1,7,1,1977.0,2,528
797,5,1953,1953,0.0,773,773,773,1,4,0,1953.0,1,240
798,9,2008,2009,860.0,1926,1966,3140,3,11,2,2009.0,3,820
799,5,1937,1950,252.0,731,981,1768,1,7,2,1939.0,1,240
800,6,1997,1997,0.0,616,616,1688,2,8,0,1997.0,2,603
801,4,1916,1990,0.0,1196,1196,1196,1,5,0,1957.0,2,440
802,7,2005,2005,0.0,728,728,1456,2,7,1,2005.0,2,410
803,9,2008,2009,424.0,1734,1734,2822,3,12,1,2009.0,3,1020
804,5,1954,1954,0.0,936,1128,1128,1,5,0,1954.0,1,286
805,7,2008,2008,256.0,1417,1428,1428,2,6,0,2008.0,2,554
806,5,1967,1967,0.0,980,980,980,2,6,0,1967.0,1,384
807,5,1923,2004,0.0,1324,1072,1576,1,6,1,1923.0,2,528
808,5,1966,1966,1047.0,1024,1086,1086,1,6,1,1966.0,2,484
809,5,1898,1965,0.0,849,1075,2138,2,11,0,1910.0,2,360
810,6,1974,1999,99.0,1040,1309,1309,1,5,1,1974.0,2,484
811,6,2004,2004,169.0,848,848,848,1,4,1,2004.0,2,420
812,5,1952,1952,0.0,540,1044,1044,1,4,0,1952.0,2,504
813,6,1958,1958,243.0,1442,1442,1442,1,7,0,1958.0,1,301
814,5,1918,1950,0.0,686,686,1250,1,7,0,1955.0,1,280
815,7,1998,1998,442.0,1649,1661,1661,2,6,0,1998.0,2,598
816,5,1954,1954,0.0,1008,1008,1008,1,4,1,1954.0,1,275
817,8,2002,2002,148.0,1568,1689,1689,2,7,2,2002.0,3,857
818,6,1971,1971,80.0,1010,1052,1052,1,6,0,1971.0,2,440
819,7,2009,2010,128.0,1358,1358,1358,2,6,1,2010.0,2,484
820,7,2003,2003,0.0,798,798,1640,2,6,0,2003.0,2,595
821,4,1953,1953,0.0,936,936,936,1,4,0,1974.0,2,576
822,7,2003,2003,0.0,847,847,1733,2,7,1,2003.0,2,433
823,6,1940,1950,0.0,778,944,1489,2,7,1,1940.0,1,240
824,8,2006,2006,0.0,1489,1489,1489,2,7,1,2006.0,2,776
825,10,2007,2008,816.0,2078,2084,2084,2,7,1,2007.0,3,1220
826,5,1924,1950,0.0,784,784,784,1,5,0,,0,0
827,7,2001,2001,0.0,1454,1434,1434,2,6,1,2001.0,2,527
828,5,1967,1967,0.0,1013,1160,2126,2,7,0,1967.0,2,538
829,7,2005,2005,0.0,600,520,1223,2,4,0,2005.0,2,480
830,6,1957,1957,387.0,1392,1392,1392,1,6,2,1957.0,2,458
831,7,2005,2005,0.0,600,520,1200,2,4,0,2005.0,2,480
832,7,2003,2003,223.0,941,941,1829,2,7,1,2003.0,2,613
833,6,1964,1964,180.0,1516,1516,1516,1,6,0,1964.0,2,472
834,5,1961,1961,136.0,1144,1144,1144,1,6,0,1961.0,2,456
835,4,1950,1995,0.0,1067,1067,1067,2,4,0,1996.0,2,436
836,5,1948,1973,0.0,1559,1559,1559,1,5,0,1948.0,2,812
837,6,1973,1973,158.0,483,483,987,1,5,0,1973.0,1,264
838,5,1995,2006,0.0,1099,1099,1099,1,6,0,1999.0,1,352
839,5,1946,1995,0.0,768,768,1200,1,6,0,1946.0,1,240
840,6,1925,1950,0.0,672,810,1482,2,7,0,1934.0,1,400
841,5,1904,2002,0.0,650,958,1539,2,8,1,1983.0,2,686
842,6,1966,1966,183.0,1127,1165,1165,1,6,0,1966.0,2,490
843,5,1961,1961,0.0,1800,1800,1800,2,10,0,,0,0
844,5,1915,1950,0.0,876,876,1416,1,7,1,1949.0,3,720
845,5,1975,1981,0.0,1390,1701,1701,2,6,2,1975.0,2,611
846,7,1993,1993,137.0,740,1006,1775,2,7,1,1993.0,2,425
847,5,1972,1972,0.0,864,864,864,1,5,1,1972.0,1,338
848,6,1908,1997,0.0,907,1307,2358,3,10,1,1908.0,2,360
849,6,1976,1994,360.0,528,1094,1855,2,7,1,1976.0,2,512
850,6,2003,2003,170.0,848,848,848,1,3,0,2003.0,2,420
851,8,2003,2003,40.0,1273,1456,1456,2,7,1,2003.0,2,400
852,7,1941,1950,0.0,918,918,1646,2,7,2,1941.0,1,240
853,6,1964,1964,115.0,1127,1445,1445,1,7,1,1964.0,2,645
854,5,1955,1974,0.0,1763,1779,1779,1,6,1,1955.0,2,454
855,5,1962,2010,0.0,1040,1040,1040,1,6,0,1962.0,1,260
856,6,1978,1978,0.0,940,1026,1026,1,5,0,1981.0,2,576
857,6,1994,1995,0.0,702,702,1481,2,6,1,1994.0,2,343
858,7,1976,1976,189.0,1090,1370,1370,2,6,1,1976.0,2,479
859,6,1968,1984,220.0,1054,1512,2654,2,9,1,1968.0,2,619
860,7,1918,1998,0.0,912,912,1426,1,7,1,1925.0,1,216
861,5,1965,1965,0.0,1039,1039,1039,1,6,0,1965.0,2,504
862,6,1984,1985,0.0,1040,1097,1097,2,6,0,1986.0,2,480
863,5,1959,1959,0.0,1148,1148,1148,1,6,0,1959.0,1,672
864,7,2007,2008,0.0,1372,1372,1372,2,6,0,2008.0,2,529
865,5,1970,1970,76.0,1002,1002,1002,1,5,0,1973.0,2,902
866,8,2006,2007,274.0,1638,1646,1646,2,6,1,2007.0,3,870
867,4,1961,1961,0.0,1040,1120,1120,1,5,0,1961.0,2,544
868,5,1948,1950,0.0,0,1547,2320,2,7,1,1979.0,2,672
869,7,1993,1994,246.0,1050,1062,1949,2,8,1,1993.0,2,574
870,5,1962,1962,0.0,894,894,894,1,5,0,1962.0,1,308
871,6,1998,1998,116.0,804,804,1682,2,7,0,1998.0,2,523
872,5,1953,1996,0.0,105,910,910,1,5,0,1953.0,2,414
873,5,1949,1950,0.0,832,1036,1268,1,6,1,1949.0,1,288
874,5,1941,1950,0.0,676,676,1131,1,5,0,1941.0,1,200
875,8,2007,2007,0.0,1184,1184,2610,2,11,1,2007.0,2,550
876,4,1963,1963,0.0,1064,1040,1040,1,5,0,1963.0,2,648
877,9,2004,2005,216.0,1462,1462,2224,2,10,1,2004.0,3,738
878,5,1961,1995,0.0,1109,1155,1155,1,6,0,1987.0,2,576
879,5,1978,2005,90.0,864,864,864,1,6,0,1978.0,1,336
880,5,2005,2006,0.0,1090,1090,1090,1,5,0,2005.0,2,450
881,7,1990,1991,117.0,1156,1187,1717,2,7,1,1990.0,2,400
882,6,1992,1993,0.0,808,808,1593,2,7,1,1993.0,2,389
883,4,1912,1950,0.0,795,954,2230,1,10,0,1997.0,1,440
884,5,1967,1967,60.0,892,892,892,1,5,0,1967.0,1,288
885,9,1999,2000,60.0,1698,1709,1709,2,5,1,1999.0,2,506
886,5,1959,2005,122.0,1626,1712,1712,2,8,0,2005.0,2,588
887,5,1955,1955,0.0,816,872,1393,1,8,0,1955.0,1,300
888,8,1970,1970,0.0,2217,2217,2217,2,8,1,1970.0,2,621
889,6,1953,1953,90.0,1505,1505,1505,1,6,1,1953.0,2,505
890,5,1949,2006,0.0,672,672,924,1,6,1,2003.0,2,576
891,6,1978,1978,92.0,918,918,1683,2,7,1,1978.0,2,440
892,6,1963,2003,0.0,1059,1068,1068,1,6,0,1963.0,1,264
893,5,1954,1954,0.0,1383,1383,1383,1,6,1,1954.0,1,354
894,5,1979,1979,0.0,0,1535,1535,2,8,0,1979.0,2,400
895,6,1963,1963,415.0,780,983,1796,1,8,1,1963.0,2,483
896,4,1936,1950,0.0,951,951,951,1,6,0,1936.0,1,327
897,5,1979,1979,0.0,0,1120,2240,2,12,0,1979.0,2,528
898,9,2009,2010,760.0,2330,2364,2364,2,11,2,2009.0,3,820
899,5,1961,1994,0.0,912,1236,1236,1,6,1,1961.0,1,288
900,4,1971,1971,0.0,858,858,858,1,4,0,1979.0,1,684
901,5,1957,2000,0.0,992,1306,1306,1,5,0,1968.0,1,756
902,7,2003,2003,0.0,783,807,1509,2,8,1,2003.0,2,393
903,7,2006,2006,27.0,1670,1670,1670,2,7,1,2006.0,3,690
904,5,1967,1967,75.0,876,902,902,1,6,0,1967.0,1,288
905,5,1954,1954,110.0,1056,1063,1063,1,6,0,1954.0,1,280
906,8,2006,2006,208.0,1623,1636,1636,2,8,1,2006.0,3,865
907,7,1936,1987,0.0,1017,1020,2057,1,6,1,1936.0,1,180
908,5,1983,1983,0.0,864,902,902,1,5,0,1983.0,2,484
909,6,2005,2005,0.0,742,742,1484,2,8,1,2005.0,2,390
910,5,1960,1960,361.0,1105,1105,2274,2,12,0,1960.0,2,480
911,5,1977,1989,0.0,1268,1268,1268,1,5,0,1978.0,1,252
912,5,1925,1950,0.0,768,1015,1015,1,6,0,1925.0,1,450
913,5,1949,1950,0.0,1001,1001,2002,2,8,0,1949.0,3,871
914,6,2009,2009,76.0,612,612,1224,2,4,0,2009.0,2,528
915,4,1970,1970,80.0,546,546,1092,1,6,0,1970.0,1,286
916,2,1949,1950,0.0,480,480,480,0,4,0,1958.0,1,308
917,4,1956,1956,0.0,1134,1229,1229,1,6,0,1956.0,1,284
918,7,1991,1991,0.0,1104,912,2127,2,8,1,1991.0,3,833
919,6,1958,2002,0.0,1184,1414,1414,1,6,1,1990.0,2,601
920,6,1994,1994,105.0,928,936,1721,2,7,0,1994.0,2,471
921,5,1900,2003,0.0,1272,1272,2200,2,9,0,,0,0
922,6,2005,2006,0.0,1316,1316,1316,2,6,1,2005.0,2,397
923,6,1993,1994,0.0,1604,1617,1617,2,5,1,1993.0,2,533
924,6,1980,1980,157.0,1686,1686,1686,2,7,1,1980.0,2,612
925,5,1977,1977,0.0,1126,1126,1126,2,6,0,1977.0,2,540
926,8,2003,2004,340.0,1181,1234,2374,2,10,1,2003.0,3,656
927,7,1968,1968,342.0,832,1098,1978,2,9,1,1968.0,2,486
928,8,2001,2001,0.0,1753,1788,1788,2,7,1,2001.0,2,522
929,7,1997,1997,285.0,964,993,2236,2,8,1,1997.0,2,642
930,8,2007,2007,0.0,1466,1466,1466,2,7,0,2007.0,3,610
931,5,1965,1965,0.0,925,925,925,1,5,0,1965.0,1,429
932,9,2006,2006,302.0,1905,1905,1905,2,8,1,2006.0,3,788
933,7,2004,2004,210.0,1500,1500,1500,2,6,0,2004.0,2,570
934,7,1960,2007,0.0,585,2069,2069,2,9,1,1960.0,2,505
935,4,1926,1953,108.0,600,747,747,1,5,0,1953.0,2,528
936,7,2003,2003,,1176,1200,1200,2,5,0,2003.0,2,555
937,7,2005,2005,0.0,1113,1113,1971,2,8,1,2005.0,2,689
938,7,2006,2006,0.0,1391,1391,1962,2,7,0,2006.0,3,868
939,7,1940,1950,0.0,1032,1207,2403,2,10,2,1940.0,1,349
940,6,1976,1976,0.0,1728,1728,1728,2,8,0,1976.0,2,574
941,7,1999,1999,298.0,992,1022,2060,2,8,1,1999.0,2,390
942,4,1977,1977,0.0,1440,1440,1440,2,8,0,,0,0
943,5,1967,1967,0.0,1632,1632,1632,2,8,0,1967.0,2,576
944,6,1958,1958,541.0,819,1344,1344,1,7,1,1958.0,2,525
945,5,1890,1996,0.0,1088,1188,1869,1,7,0,1963.0,2,456
946,5,1959,1959,128.0,1144,1144,1144,1,6,1,1959.0,1,796
947,8,2002,2003,236.0,1616,1629,1629,2,9,1,2002.0,3,808
948,7,2002,2002,144.0,936,936,1776,2,7,1,2002.0,2,474
949,6,1972,2006,0.0,1161,1381,1381,1,5,1,1972.0,2,676
950,5,1950,2002,0.0,864,864,864,1,5,0,1980.0,2,720
951,5,1965,1965,0.0,828,965,965,1,6,0,1979.0,1,300
952,5,1972,2003,0.0,768,768,768,1,5,0,1974.0,1,396
953,5,1969,1969,232.0,784,1168,1968,2,7,1,1969.0,2,530
954,6,1975,1975,250.0,945,980,980,2,4,0,,0,0
955,6,1946,1950,423.0,979,979,1958,2,8,0,1946.0,2,492
956,6,1980,1980,0.0,561,561,1229,1,5,1,1980.0,2,462
957,5,1962,1962,0.0,1057,1057,1057,1,6,0,1977.0,2,576
958,7,2003,2003,0.0,1337,1337,1337,2,6,0,2003.0,2,531
959,7,1999,1999,0.0,696,696,1416,2,6,0,1999.0,2,484
960,5,1958,2008,0.0,858,858,858,1,4,0,,0,0
961,6,1977,1995,424.0,1330,1542,2872,2,11,1,1977.0,2,619
962,6,1976,1976,0.0,804,804,1548,2,7,1,1976.0,2,440
963,9,2007,2007,0.0,1800,1800,1800,2,7,0,2007.0,2,702
964,7,2002,2003,44.0,817,824,1894,2,8,1,2002.0,2,510
965,6,2005,2007,0.0,783,783,1484,2,8,1,2005.0,2,393
966,5,1940,1950,0.0,728,976,1308,1,7,2,1940.0,1,256
967,5,1955,1955,151.0,1098,1098,1098,1,6,0,1955.0,1,260
968,3,1910,1950,0.0,600,600,968,1,6,0,,0,0
969,6,1958,1958,105.0,588,1095,1095,1,6,0,1958.0,1,264
970,4,1949,1950,0.0,720,720,1192,1,6,0,,0,0
971,7,2003,2004,106.0,764,764,1626,2,6,0,2003.0,2,474
972,6,1979,1979,0.0,918,918,918,2,5,1,1979.0,1,264
973,7,2007,2008,,1428,1428,1428,2,6,0,2007.0,2,480
974,7,1910,1993,0.0,728,1136,2019,1,8,0,1997.0,2,532
975,7,2000,2000,0.0,673,673,1382,2,6,0,2000.0,2,490
976,4,1923,1958,0.0,440,869,869,1,4,0,,0,0
977,7,2006,2007,,1241,1241,1241,1,4,0,2007.0,2,569
978,4,1954,1954,0.0,894,894,894,1,5,0,1999.0,2,400
979,5,1963,1963,0.0,1121,1121,1121,1,5,0,1963.0,2,480
980,7,1961,2007,210.0,944,999,999,1,6,0,1961.0,2,588
981,8,1998,1999,975.0,1225,1276,2612,2,8,1,1998.0,3,676
982,7,2007,2007,16.0,1266,1266,1266,2,6,1,2007.0,2,388
983,8,2002,2002,0.0,1128,1149,2290,2,9,1,2002.0,2,779
984,5,1977,1977,0.0,0,1302,1734,2,8,0,1977.0,2,539
985,5,1950,1950,0.0,1164,1164,1164,1,5,0,1950.0,1,240
986,6,1910,2003,0.0,485,1001,1635,1,5,0,1950.0,1,255
987,9,2009,2010,450.0,1930,1940,1940,2,8,1,2010.0,3,606
988,6,1976,1976,298.0,848,1118,2030,2,8,1,1976.0,2,551
989,7,2006,2006,0.0,770,778,1576,2,6,0,2006.0,2,614
990,8,1997,1998,423.0,1396,1407,2392,2,7,1,1997.0,3,870
991,8,1882,1986,0.0,916,916,1742,1,8,1,1925.0,2,424
992,6,1964,1993,340.0,822,1020,1851,2,7,1,1964.0,2,440
993,6,2005,2006,0.0,750,750,1500,2,6,0,2005.0,2,564
994,10,2006,2007,230.0,1700,1718,1718,2,7,1,2008.0,3,786
995,4,1946,1950,0.0,747,774,1230,1,5,0,1946.0,1,305
996,5,1961,1961,0.0,1050,1050,1050,1,6,0,1961.0,1,368
997,6,1970,1970,571.0,1442,1442,1442,2,6,1,1970.0,2,615
998,3,1922,1950,0.0,1007,1077,1077,1,6,1,1922.0,1,210
999,7,2006,2006,24.0,1187,1208,1208,2,6,0,2006.0,2,632
1000,3,1952,1952,0.0,0,944,944,1,4,0,1956.0,2,528
1001,5,1920,1950,0.0,691,691,691,1,4,0,1920.0,1,216
1002,8,2006,2006,53.0,1574,1574,1574,2,7,1,2006.0,3,824
1003,5,1976,1976,164.0,1680,1680,1680,2,8,0,1976.0,2,528
1004,7,2005,2006,16.0,1346,1504,1504,2,7,1,2005.0,2,457
1005,5,1977,1977,220.0,985,985,985,2,6,0,1977.0,1,328
1006,6,1970,1970,0.0,1657,1657,1657,2,7,1,1970.0,2,484
1007,4,1970,1970,0.0,546,546,1092,1,6,0,1970.0,1,286
1008,7,2004,2005,108.0,1710,1710,1710,2,7,1,2004.0,2,550
1009,5,1926,1950,0.0,1008,1008,1522,2,7,0,,0,0
1010,5,1948,1950,0.0,720,720,1271,2,7,1,1948.0,1,312
1011,5,1965,1965,0.0,0,1664,1664,2,8,0,,0,0
1012,6,1923,1996,0.0,602,900,1502,1,7,2,1923.0,1,180
1013,5,1910,2006,0.0,1022,1022,1022,1,4,0,1956.0,1,280
1014,6,1948,1950,206.0,1082,1082,1082,1,5,1,1948.0,1,240
1015,8,2001,2001,0.0,810,810,1665,2,6,0,2001.0,2,528
1016,7,1996,1996,196.0,1504,1504,1504,2,6,1,1996.0,2,478
1017,8,1984,1984,0.0,1220,1360,1360,1,4,1,1984.0,2,565
1018,7,1991,1992,76.0,384,802,1472,2,7,1,1991.0,2,402
1019,7,2005,2005,145.0,1362,1506,1506,2,6,1,2005.0,2,440
1020,4,2005,2005,0.0,1132,1132,1132,1,5,0,2005.0,2,451
1021,7,2006,2006,84.0,1199,1220,1220,2,6,0,2006.0,2,632
1022,5,1930,1950,0.0,912,912,1248,1,6,0,1957.0,1,160
1023,7,2005,2006,14.0,1346,1504,1504,2,7,1,2005.0,2,437
1024,8,1976,1976,0.0,1565,2898,2898,2,10,1,1976.0,2,665
1025,5,1972,1972,0.0,882,882,882,1,5,0,1980.0,2,461
1026,5,1960,1960,324.0,1268,1264,1264,1,6,2,1960.0,2,461
1027,8,2007,2008,338.0,1638,1646,1646,2,7,1,2008.0,3,800
1028,5,1941,1950,0.0,768,968,1376,1,6,1,1941.0,1,240
1029,6,1972,1972,281.0,672,672,1218,1,7,0,1972.0,1,264
1030,5,1916,1995,0.0,686,948,1928,2,10,0,,0,0
1031,7,1920,1970,0.0,824,1687,3082,2,12,2,1970.0,2,672
1032,8,1993,1993,0.0,1338,1352,2520,2,10,1,1993.0,3,796
1033,7,2002,2002,295.0,1654,1654,1654,2,6,0,2002.0,3,900
1034,5,1938,1950,0.0,920,954,954,1,5,1,1938.0,1,240
1035,4,1957,1957,0.0,0,845,845,1,5,0,1957.0,1,290
1036,9,2007,2008,70.0,1620,1620,1620,2,6,1,2008.0,3,912
1037,8,2001,2002,396.0,1055,1055,2263,2,7,1,2001.0,2,905
1038,4,1970,2008,0.0,546,798,1344,1,6,1,,0,0
1039,4,1970,1970,0.0,630,630,630,1,3,0,1970.0,1,286
1040,5,1957,2000,67.0,1134,1803,1803,2,8,1,1957.0,2,484
1041,6,1966,2000,252.0,800,800,1632,1,7,0,1966.0,2,484
1042,6,2005,2005,135.0,1306,1306,1306,2,5,1,2005.0,2,624
1043,7,1990,1990,99.0,1475,1532,2329,2,10,1,1990.0,2,514
1044,8,1981,1981,0.0,2524,2524,2524,2,9,1,1981.0,2,542
1045,3,1955,1955,0.0,0,1733,1733,2,8,1,1955.0,2,452
1046,9,2005,2006,208.0,1992,1992,2868,3,11,1,2005.0,3,716
1047,5,1994,1995,0.0,990,990,990,1,5,0,1996.0,2,672
1048,5,1960,2006,75.0,0,1771,1771,1,9,1,1960.0,2,336
1049,4,1946,2006,0.0,0,930,930,1,6,0,1946.0,1,308
1050,7,2007,2007,0.0,1302,1302,1302,2,6,0,2007.0,2,436
1051,7,2007,2007,0.0,1316,1316,1316,2,6,1,2007.0,2,440
1052,6,1964,1978,272.0,816,1127,1977,1,9,1,1964.0,2,540
1053,5,1957,2002,145.0,1216,1526,1526,1,7,1,1957.0,1,364
1054,8,2002,2002,210.0,1065,1091,1989,2,7,1,2002.0,2,586
1055,6,1976,1976,160.0,1193,1523,1523,2,7,1,1976.0,2,478
1056,7,2005,2005,240.0,1364,1364,1364,2,6,1,2005.0,2,484
1057,7,1994,1994,0.0,973,979,1850,2,7,1,1994.0,2,467
1058,9,2008,2008,154.0,1104,1130,2184,2,10,1,2008.0,3,836
1059,6,1932,1950,480.0,854,1096,1991,1,7,1,1977.0,2,432
1060,8,2001,2001,0.0,1338,1338,1338,2,6,0,2001.0,2,582
1061,3,1935,1950,0.0,894,894,894,1,6,0,1994.0,3,1248
1062,5,1900,1950,0.0,662,1422,2337,2,10,0,1945.0,2,560
1063,6,1925,1980,0.0,1103,1103,1103,1,5,1,1976.0,2,440
1064,5,1966,1966,200.0,1154,1154,1154,1,6,1,1966.0,2,480
1065,7,1996,1997,0.0,1306,1306,2260,2,7,0,1996.0,2,533
1066,6,1993,1994,0.0,799,799,1571,2,7,1,1993.0,2,380
1067,6,1964,1964,360.0,780,798,1611,1,7,0,1964.0,2,442
1068,6,1973,1973,0.0,942,1291,2521,2,10,1,1973.0,2,576
1069,5,1949,2003,0.0,845,893,893,1,4,0,1985.0,2,576
1070,5,1956,1956,120.0,1048,1048,1048,1,6,0,1956.0,1,286
1071,6,1968,1968,0.0,727,829,1556,1,8,0,1968.0,2,441
1072,5,1948,1950,0.0,810,1002,1456,1,7,1,1954.0,1,280
1073,6,1977,1977,140.0,690,698,1426,1,6,0,1977.0,2,440
1074,7,2006,2006,0.0,1240,1240,1240,2,5,0,2006.0,3,826
1075,7,1940,1984,0.0,800,960,1740,1,6,2,1940.0,1,240
1076,5,1936,1989,0.0,796,1096,1466,2,7,1,1950.0,2,566
1077,5,1969,1969,0.0,1096,1096,1096,1,6,0,1969.0,1,299
1078,6,2004,2004,169.0,848,848,848,1,3,1,2004.0,2,420
1079,5,1994,1994,0.0,990,990,990,1,5,0,1996.0,1,299
1080,6,1971,2004,144.0,1258,1258,1258,2,5,0,1971.0,2,528
1081,5,1963,1963,0.0,1040,1040,1040,1,5,0,1963.0,1,308
1082,7,2002,2002,100.0,1459,1459,1459,2,6,1,2002.0,2,527
1083,6,1964,1964,425.0,1251,1251,1251,1,6,2,1964.0,1,461
1084,6,1995,1996,0.0,691,691,1498,2,6,1,1995.0,2,409
1085,6,1992,1992,0.0,936,996,996,1,5,0,1992.0,2,564
1086,4,1973,1973,0.0,546,546,1092,1,6,0,1973.0,1,286
1087,8,2005,2006,0.0,1082,1082,1953,2,9,1,2005.0,3,1043
1088,7,2004,2004,50.0,970,970,1709,2,7,0,2004.0,2,380
1089,8,2005,2005,0.0,1247,1247,1247,1,4,1,2005.0,2,550
1090,3,1950,1950,0.0,0,1040,1040,2,6,0,1987.0,2,400
1091,7,1999,2000,212.0,600,624,1252,2,4,0,1999.0,2,462
1092,6,1925,1950,0.0,1181,1390,1694,2,7,1,1925.0,2,576
1093,5,1965,1998,166.0,864,1200,1200,1,6,0,1977.0,2,884
1094,5,1956,2000,0.0,936,936,936,1,4,0,1956.0,1,308
1095,6,2006,2006,0.0,1314,1314,1314,2,6,1,2006.0,2,440
1096,6,1914,2006,0.0,684,773,1355,1,7,0,,0,0
1097,8,1986,1986,0.0,1074,1088,1088,1,5,0,1987.0,2,461
1098,4,1936,1950,0.0,672,757,1324,1,6,0,1936.0,1,240
1099,7,1978,1978,206.0,1271,1601,1601,2,7,1,1978.0,2,478
1100,2,1920,1950,0.0,290,438,438,1,3,0,1930.0,1,246
1101,5,1971,1971,0.0,950,950,950,1,5,0,1981.0,1,280
1102,5,1960,2002,45.0,1010,1134,1134,1,6,0,1960.0,1,254
1103,6,1959,1959,0.0,655,1194,1194,1,6,1,1954.0,2,539
1104,5,1970,1970,304.0,630,630,1302,2,6,0,1970.0,2,440
1105,8,1994,1995,362.0,1463,1500,2622,2,9,2,1994.0,2,712
1106,7,1990,1991,0.0,910,1442,1442,2,6,1,1990.0,2,719
1107,7,2006,2006,0.0,868,887,2021,2,9,1,2006.0,2,422
1108,6,2000,2000,0.0,924,948,1690,2,7,1,2000.0,2,463
1109,8,2004,2005,42.0,1836,1836,1836,2,7,1,2004.0,3,862
1110,6,1995,1996,0.0,773,773,1658,2,8,1,1995.0,2,431
1111,7,1976,1976,660.0,803,1098,1964,2,8,1,1976.0,2,483
1112,5,1957,1957,0.0,816,816,816,1,5,0,1957.0,1,308
1113,5,1953,2006,0.0,1008,1008,1008,1,6,0,1953.0,1,240
1114,5,1954,2000,0.0,833,833,833,1,4,0,1955.0,1,326
1115,8,2007,2007,328.0,1734,1734,1734,2,7,1,2007.0,3,928
1116,8,2002,2002,0.0,408,779,1419,2,7,1,2002.0,2,527
1117,5,1967,2003,0.0,894,894,894,1,5,0,1967.0,2,450
1118,5,1958,1987,0.0,533,1021,1601,1,6,0,1958.0,1,300
1119,5,1959,1959,0.0,1040,1040,1040,1,6,0,1959.0,1,286
1120,6,1920,1950,0.0,1012,1012,1012,1,6,1,1920.0,1,308
1121,7,2005,2006,196.0,1552,1552,1552,2,7,0,2005.0,3,782
1122,4,1956,1956,0.0,672,960,960,1,5,0,1956.0,1,288
1123,5,1947,2008,0.0,698,698,698,1,4,0,,0,0
1124,7,1992,1992,170.0,384,812,1482,2,7,1,1992.0,2,392
1125,4,1955,1955,0.0,1005,1005,1005,1,5,1,1977.0,2,672
1126,7,2007,2007,130.0,1373,1555,1555,2,7,1,2007.0,3,660
1127,7,2004,2004,0.0,1530,1530,1530,2,7,1,2004.0,3,630
1128,7,2004,2005,0.0,847,847,1959,2,8,1,2004.0,2,434
1129,5,1980,1980,180.0,936,936,936,1,4,0,1980.0,2,672
1130,4,1928,1950,0.0,1122,1328,1981,2,7,2,1981.0,2,576
1131,5,1991,1992,0.0,974,974,974,1,5,0,,0,0
1132,6,1880,1950,0.0,1008,1178,2210,2,8,0,1930.0,1,205
1133,8,1995,1995,0.0,1128,1142,2020,2,8,1,1995.0,2,466
1134,6,1997,1997,0.0,916,916,1600,2,7,1,1997.0,2,460
1135,6,1926,1950,0.0,960,986,986,1,5,1,1926.0,1,180
1136,6,1950,1950,0.0,1032,1032,1252,1,6,0,1950.0,1,288
1137,5,1875,1996,0.0,780,780,1020,1,6,0,,0,0
1138,6,1977,1977,0.0,1567,1567,1567,2,5,2,1977.0,2,714
1139,5,1920,1950,0.0,915,1167,1167,1,6,1,1972.0,2,495
1140,5,1951,1951,0.0,952,952,952,1,4,0,1988.0,2,840
1141,5,1976,1976,44.0,780,1088,1868,2,9,1,1976.0,2,484
1142,8,2006,2007,340.0,1466,1466,2828,3,11,1,2006.0,3,1052
1143,5,1959,1959,0.0,1006,1006,1006,1,5,0,,0,0
1144,4,1941,1950,0.0,672,672,924,1,5,0,1941.0,1,280
1145,5,1928,1950,0.0,1042,1042,1576,1,8,1,1928.0,1,225
1146,6,1985,1985,85.0,1298,1298,1298,2,5,1,1985.0,2,403
1147,7,1941,1950,0.0,704,860,1564,1,7,1,1941.0,1,234
1148,7,1926,1950,0.0,572,572,1111,1,5,1,1982.0,1,288
1149,7,1920,1988,0.0,650,832,1482,1,7,0,1930.0,2,324
1150,6,1950,1950,0.0,932,932,932,1,4,1,1950.0,1,306
1151,5,1959,1959,132.0,1466,1466,1466,1,6,2,1959.0,2,528
1152,6,1956,2004,0.0,1073,1811,1811,1,6,1,1956.0,2,470
1153,6,1930,2007,0.0,816,816,816,1,5,0,2002.0,1,432
1154,7,1965,1988,288.0,864,902,1820,1,8,2,1965.0,2,492
1155,5,1976,2004,0.0,1437,1437,1437,2,6,1,1976.0,2,528
1156,5,1965,1999,0.0,1219,1265,1265,2,6,1,1965.0,2,502
1157,7,2007,2008,166.0,1314,1314,1314,2,6,1,2008.0,2,626
1158,8,2007,2008,186.0,1580,1580,1580,2,7,0,2008.0,3,830
1159,6,1974,1974,270.0,901,943,1876,2,8,1,1974.0,2,540
1160,6,1978,1978,0.0,855,855,1456,2,7,1,1978.0,2,440
1161,6,1954,2006,72.0,1296,1640,1640,1,7,1,1993.0,2,924
1162,5,1968,1968,0.0,894,894,894,1,5,1,1968.0,2,450
1163,4,1969,1969,0.0,1198,1258,1258,0,6,0,1969.0,2,400
1164,5,1978,1978,0.0,1360,1432,1432,1,5,1,1978.0,2,588
1165,7,2009,2009,268.0,1502,1502,1502,2,7,0,2009.0,2,644
1166,8,2008,2008,72.0,1694,1694,1694,2,7,0,2008.0,3,776
1167,6,2000,2000,0.0,959,959,1671,2,7,1,2000.0,2,472
1168,6,1935,1986,0.0,1127,1236,2108,2,7,2,1935.0,2,540
1169,10,1995,1996,1378.0,1930,1831,3627,3,10,1,1995.0,3,807
1170,6,1977,1977,0.0,1096,1118,1118,1,6,1,1977.0,1,358
1171,6,1958,1958,0.0,1261,1261,1261,1,6,1,1958.0,2,433
1172,7,2006,2007,0.0,625,625,1250,2,5,0,2006.0,2,625
1173,5,1946,1994,0.0,1598,1636,3086,3,12,1,,0,0
1174,6,1932,1950,0.0,952,1170,2345,2,9,1,1932.0,2,360
1175,8,1992,2000,337.0,1683,2129,2872,2,9,1,1992.0,2,541
1176,5,1984,1985,0.0,876,923,923,1,5,0,1984.0,1,264
1177,6,1926,2004,0.0,818,818,1224,1,5,0,1926.0,1,210
1178,5,1921,1950,0.0,731,820,1343,1,7,1,1921.0,1,186
1179,5,1954,1954,0.0,0,1124,1124,1,5,1,,0,0
1180,7,1990,1991,0.0,1216,1298,2514,2,8,0,1990.0,2,693
1181,8,2008,2008,186.0,1600,1652,1652,2,5,1,2008.0,2,482
1182,10,1996,1996,0.0,2396,2411,4476,3,10,2,1996.0,3,813
1183,5,1920,1950,0.0,1120,1130,1130,1,5,1,1970.0,2,720
1184,5,1963,1963,226.0,1572,1572,1572,1,5,2,1963.0,3,995
1185,5,1924,1950,0.0,784,949,1221,1,7,0,1965.0,1,392
1186,3,1900,1970,0.0,978,1014,1699,2,7,0,1920.0,2,420
1187,8,1994,1995,0.0,1624,1624,1624,2,5,1,1994.0,3,757
1188,7,2002,2002,95.0,831,831,1660,2,7,0,2002.0,2,493
1189,7,1999,1999,0.0,994,1028,1804,2,7,1,1999.0,2,442
1190,4,1961,1975,149.0,1249,1622,1622,1,7,1,1975.0,4,1356
1191,8,1999,2000,456.0,776,764,1441,2,5,0,1999.0,2,492
1192,5,1925,1994,0.0,702,842,1472,1,6,0,1925.0,1,250
1193,6,1999,1999,425.0,1224,1224,1224,2,5,0,1999.0,2,402
1194,6,1969,1969,143.0,663,663,1352,1,7,0,1969.0,1,299
1195,6,2005,2005,0.0,728,728,1456,2,8,0,2005.0,2,400
1196,7,2006,2006,0.0,879,879,1863,2,9,1,2006.0,3,660
1197,7,1916,1950,0.0,815,815,1690,1,7,1,1916.0,1,225
1198,7,2001,2001,0.0,1212,1212,1212,2,6,0,2001.0,2,573
1199,4,1963,1979,51.0,1051,1382,1382,1,6,1,1974.0,2,459
1200,4,1970,1970,0.0,864,864,864,1,5,0,1972.0,1,280
1201,7,1998,1998,0.0,866,866,1779,2,6,0,1998.0,2,546
1202,5,1925,1997,0.0,884,884,1348,1,5,1,1960.0,1,216
1203,7,2000,2001,171.0,1630,1630,1630,2,6,1,2000.0,2,451
1204,5,1975,1975,0.0,1056,1074,1074,1,6,0,1975.0,2,495
1205,7,1990,1991,234.0,2158,2196,2196,2,7,1,1990.0,3,701
1206,4,1966,1966,0.0,1056,1056,1056,1,5,0,1966.0,1,384
1207,6,2003,2003,120.0,1682,1700,1700,2,7,0,2003.0,2,544
1208,5,1962,1980,0.0,931,1283,1283,1,6,0,1980.0,2,506
1209,8,2006,2006,420.0,1660,1660,1660,2,8,1,2006.0,2,500
1210,6,1992,1992,0.0,1055,1055,1845,2,8,1,1992.0,2,462
1211,8,1988,2005,0.0,559,1080,1752,2,8,0,1988.0,2,492
1212,4,1941,1950,0.0,672,672,672,1,4,0,1941.0,1,234
1213,4,1965,2001,0.0,648,960,960,0,3,0,1965.0,1,364
1214,5,1962,1962,0.0,925,999,999,1,6,0,1962.0,1,300
1215,5,1966,1966,0.0,894,894,894,1,5,0,1966.0,1,384
1216,6,1978,1978,0.0,0,1318,1902,2,8,0,1978.0,2,539
1217,8,2009,2009,72.0,1300,1314,1314,2,6,0,2009.0,2,552
1218,4,1947,1950,0.0,0,672,912,1,3,0,,0,0
1219,6,1971,1971,236.0,672,672,1218,1,7,0,,0,0
1220,5,1964,1964,0.0,912,912,912,1,5,0,1964.0,1,288
1221,5,1968,1968,0.0,952,1211,1211,1,5,1,1968.0,1,322
1222,6,1949,1950,320.0,1040,1168,1846,2,7,1,1949.0,1,315
1223,5,1951,1951,44.0,2136,2136,2136,2,7,0,1951.0,2,528
1224,7,2004,2005,0.0,788,788,1490,2,8,1,2004.0,2,388
1225,6,1958,1958,63.0,588,1138,1138,1,6,0,1958.0,1,264
1226,6,2007,2007,74.0,894,894,1933,2,9,1,2007.0,3,668
1227,5,1965,2008,300.0,912,912,912,1,5,0,1992.0,2,576
1228,9,2008,2008,766.0,1702,1702,1702,1,7,1,2008.0,3,1052
1229,5,1960,1960,0.0,1075,1507,1507,2,7,0,1960.0,1,404
1230,5,1977,1977,1.0,1361,1361,2620,2,12,1,1977.0,2,600
1231,5,1962,1962,120.0,1106,1190,1190,1,6,0,1962.0,2,540
1232,4,1962,1962,0.0,0,1224,1224,2,6,0,1962.0,2,462
1233,5,1959,1959,180.0,1188,1188,1188,1,6,0,1959.0,2,531
1234,5,1911,1950,0.0,940,1024,1964,1,7,0,,0,0
1235,5,1914,1950,0.0,747,892,1784,1,9,0,1914.0,1,180
1236,7,2003,2003,106.0,764,764,1626,2,6,0,2003.0,2,474
1237,7,2004,2005,0.0,847,847,1948,2,8,1,2004.0,2,434
1238,6,2005,2005,0.0,1141,1141,1141,1,6,0,2005.0,2,484
1239,8,2006,2006,32.0,1476,1484,1484,2,6,1,2006.0,2,472
1240,7,2003,2003,252.0,884,884,1768,2,8,0,2003.0,2,543
1241,7,2007,2007,0.0,1689,1689,1689,2,7,0,2007.0,3,954
1242,7,1974,1974,81.0,1053,1173,1173,2,6,2,1974.0,2,528
1243,10,2006,2006,,2076,2076,2076,2,7,1,2006.0,3,850
1244,8,1929,1950,0.0,792,792,1517,1,7,2,1931.0,2,400
1245,6,1984,2003,74.0,585,1140,1868,3,7,1,1984.0,2,477
1246,7,2005,2006,0.0,756,756,1553,2,6,0,2005.0,2,615
1247,6,1976,1976,335.0,1012,1034,1034,1,6,0,1976.0,3,888
1248,6,1917,1950,0.0,735,1134,2058,1,8,1,1950.0,2,396
1249,5,1950,1950,0.0,876,988,988,1,6,0,1950.0,1,276
1250,7,1968,1968,0.0,2110,2110,2110,2,8,2,1968.0,2,522
1251,7,2003,2003,163.0,1405,1405,1405,2,6,1,2003.0,2,478
1252,5,1968,1968,0.0,864,874,874,1,5,0,1968.0,1,288
1253,7,1974,2003,0.0,1192,1516,2167,2,9,2,1974.0,2,518
1254,7,2003,2004,92.0,746,760,1656,2,7,1,2003.0,2,397
1255,6,1931,1950,0.0,884,959,1367,1,6,1,1978.0,1,560
1256,8,1994,1994,554.0,1986,1987,1987,2,7,1,1994.0,2,691
1257,5,1922,1950,0.0,864,864,864,1,4,0,,0,0
1258,7,2005,2005,182.0,856,1166,1166,2,5,0,2005.0,2,400
1259,6,1969,1969,0.0,1054,1054,1054,1,6,0,1969.0,2,460
1260,6,1999,1999,0.0,841,892,1675,2,7,1,1999.0,2,502
1261,5,1956,1956,0.0,1050,1050,1050,1,5,0,1956.0,1,338
1262,4,1957,1989,0.0,1104,1104,1788,1,8,2,1957.0,1,304
1263,6,1919,1950,0.0,764,1060,1824,1,8,1,1940.0,2,520
1264,6,1998,1999,0.0,1405,1337,1337,2,5,0,1998.0,2,511
1265,7,1999,1999,218.0,691,713,1452,2,6,0,1999.0,2,506
1266,7,1910,1950,0.0,925,964,1889,1,9,1,1960.0,1,308
1267,9,2008,2009,0.0,2002,2018,2018,2,10,1,2009.0,3,746
1268,8,1935,1997,632.0,728,1968,3447,3,11,2,1982.0,3,1014
1269,5,1958,1958,180.0,874,874,1524,1,7,0,1958.0,1,315
1270,7,1979,1979,0.0,1332,1332,1524,0,4,1,1979.0,2,586
1271,6,1968,1968,0.0,1489,1489,1489,2,7,1,1968.0,2,462
1272,5,1965,1965,114.0,935,935,935,1,5,0,1965.0,1,288
1273,6,1959,2006,84.0,1019,1357,1357,1,5,1,1959.0,1,312
1274,5,1910,2003,0.0,661,661,1250,2,8,1,1985.0,2,552
1275,5,1948,1950,567.0,928,928,1920,2,10,0,1948.0,2,400
1276,6,1972,1972,0.0,723,735,1395,1,6,1,1972.0,2,497
1277,6,1967,1976,359.0,1680,1724,1724,1,7,1,1967.0,2,480
1278,8,2002,2002,,1128,1128,2031,2,7,1,2002.0,2,577
1279,4,1920,1950,0.0,698,698,1128,1,6,0,1980.0,2,528
1280,7,2002,2002,110.0,1573,1573,1573,2,6,0,2002.0,2,544
1281,7,1990,1990,54.0,1309,1339,1339,2,6,1,1990.0,2,484
1282,5,1977,2008,0.0,1040,1040,1040,2,5,0,1977.0,2,484
1283,6,1971,1971,0.0,912,912,1824,2,8,0,,0,0
1284,6,1919,1990,0.0,804,1699,2447,2,10,1,1969.0,1,336
1285,6,1939,1950,0.0,780,825,1412,1,6,1,1939.0,1,280
1286,6,1963,1963,451.0,1328,1328,1328,1,6,2,1963.0,2,528
1287,5,1964,1964,621.0,1624,1582,1582,2,7,0,1964.0,2,390
1288,8,2000,2000,0.0,1501,1659,1659,2,5,1,2000.0,2,499
1289,8,2006,2006,788.0,1085,1120,1970,2,8,1,2006.0,3,753
1290,5,1964,1964,86.0,1152,1152,1152,1,6,1,1964.0,2,484
1291,5,1972,1972,268.0,630,630,1302,2,6,0,1972.0,1,264
1292,5,1892,1965,0.0,994,1378,2372,2,11,0,1985.0,1,432
1293,7,1976,1976,0.0,832,832,1664,2,8,1,1976.0,2,528
1294,5,1955,1990,0.0,864,864,864,1,5,0,1957.0,2,572
1295,5,1968,1968,168.0,1052,1052,1052,1,5,0,1968.0,1,288
1296,5,1963,1963,148.0,1120,1128,1128,2,6,0,1963.0,2,525
1297,6,2005,2006,82.0,547,1072,1072,2,5,0,2005.0,2,525
1298,10,2008,2008,796.0,6110,4692,5642,2,12,3,2008.0,2,1418
1299,5,1959,1994,0.0,1246,1246,1246,1,6,0,1959.0,1,305
1300,7,1999,1999,344.0,978,1005,1983,2,9,1,1999.0,2,490
1301,6,1942,1950,0.0,771,753,1494,1,7,2,1942.0,1,213
1302,8,1994,1994,391.0,1165,1203,2526,2,8,1,1994.0,3,844
1303,7,2005,2005,228.0,1616,1616,1616,2,7,0,2005.0,3,834
1304,7,2004,2004,117.0,976,976,1708,2,7,0,2004.0,2,380
1305,9,2006,2007,300.0,1652,1652,1652,2,6,2,2006.0,2,840
1306,7,2005,2006,94.0,1368,1368,1368,2,6,1,2005.0,2,474
1307,5,1994,1995,0.0,990,990,990,1,5,0,2000.0,2,480
1308,5,1948,2005,0.0,924,1122,1122,1,6,0,1948.0,2,528
1309,6,1991,1991,88.0,1278,1294,1294,2,6,0,1991.0,2,496
1310,7,1959,2002,0.0,1902,1902,1902,2,7,2,1959.0,2,567
1311,7,2005,2007,80.0,1274,1274,1274,2,6,0,2005.0,2,508
1312,8,1990,1990,336.0,1453,1453,2810,2,9,1,1990.0,2,750
1313,9,1999,1999,165.0,1393,1422,2599,2,10,1,1999.0,3,779
1314,4,1954,1954,0.0,948,948,948,1,5,1,1956.0,1,280
1315,6,1969,1969,0.0,952,1092,2112,2,9,2,1969.0,2,576
1316,8,2008,2008,270.0,1622,1630,1630,2,8,1,2008.0,3,860
1317,7,2006,2007,0.0,1352,1352,1352,2,5,1,2006.0,2,466
1318,8,2001,2002,178.0,1753,1787,1787,2,7,1,2001.0,3,748
1319,4,1954,1954,132.0,864,948,948,1,5,0,1954.0,1,248
1320,6,1957,1957,0.0,1478,1478,1478,1,6,2,1957.0,2,442
1321,3,1949,1950,0.0,0,720,720,1,4,0,1955.0,1,287
1322,7,1992,1992,0.0,750,1061,1923,2,8,1,1992.0,2,564
1323,4,1940,1950,0.0,420,708,708,1,5,0,,0,0
1324,8,2006,2007,428.0,1795,1795,1795,2,7,1,2007.0,3,895
1325,4,1922,1950,0.0,796,796,796,1,5,0,,0,0
1326,3,1931,2006,0.0,544,774,774,1,6,0,,0,0
1327,5,1982,2008,0.0,816,816,816,1,5,1,1982.0,1,264
1328,6,1920,1950,0.0,1510,1584,2792,2,8,2,1920.0,2,520
1329,7,1998,1998,0.0,935,955,1632,2,8,1,1998.0,2,462
1330,8,2006,2006,410.0,1588,1588,1588,2,7,1,2006.0,3,825
1331,5,1976,1976,0.0,911,954,954,1,6,0,1976.0,2,576
1332,4,1938,1958,0.0,816,816,816,1,3,1,1958.0,1,288
1333,5,1938,1995,0.0,803,803,1360,1,6,0,1951.0,1,297
1334,5,1970,1970,312.0,765,765,1365,1,7,0,1970.0,2,440
1335,6,1977,1977,360.0,1350,1334,1334,2,6,1,1977.0,2,630
1336,5,1973,1973,564.0,1656,1656,1656,2,8,0,1973.0,2,506
1337,4,1941,1950,0.0,693,693,693,1,4,0,,0,0
1338,7,2002,2002,0.0,916,920,1861,2,8,0,2002.0,2,492
1339,5,1972,1972,0.0,864,864,864,1,5,0,1972.0,1,288
1340,4,1971,1971,0.0,858,872,872,1,5,0,1974.0,4,480
1341,6,2003,2004,0.0,1114,1114,1114,1,6,0,2004.0,2,576
1342,8,2002,2002,149.0,1284,1284,2169,2,7,1,2002.0,2,647
1343,6,1928,1950,0.0,896,1172,1913,1,9,1,1929.0,2,342
1344,7,2006,2006,0.0,728,728,1456,2,8,1,2006.0,2,440
1345,4,1920,1950,0.0,960,960,960,1,5,0,1997.0,1,308
1346,7,1968,2003,0.0,1568,2156,2156,2,9,1,1968.0,2,508
1347,8,2006,2007,100.0,1732,1776,1776,2,7,1,2006.0,3,712
1348,7,1998,1998,0.0,1482,1494,1494,2,5,1,1998.0,2,514
1349,8,1872,1987,0.0,684,938,2358,2,8,0,,0,0
1350,5,1969,1969,368.0,1248,1338,2634,2,12,0,1969.0,4,968
1351,6,1962,1962,318.0,858,858,1716,1,8,1,1962.0,2,490
1352,6,1937,2000,0.0,698,786,1176,1,4,0,1999.0,2,624
1353,8,1995,1996,579.0,2033,2053,3238,2,9,1,1996.0,3,666
1354,7,2000,2000,0.0,992,992,1865,2,7,1,2000.0,3,839
1355,7,1968,1992,143.0,570,1222,1920,3,8,1,1968.0,2,487
1356,5,1966,1966,65.0,864,892,892,1,5,0,1966.0,1,264
1357,5,1971,2008,0.0,1078,1078,1078,1,6,1,1971.0,2,500
1358,6,2000,2000,216.0,756,769,1573,2,5,0,2000.0,2,440
1359,9,2004,2005,66.0,1980,1980,1980,2,8,1,2004.0,3,770
1360,5,1921,1998,0.0,612,990,2601,3,8,0,1998.0,2,621
1361,7,2005,2005,16.0,1530,1530,1530,2,7,1,2005.0,2,430
1362,4,1920,2007,0.0,715,1281,1738,2,7,1,1920.0,1,368
1363,6,2006,2007,0.0,616,616,1412,2,6,1,2007.0,2,432
1364,7,2005,2005,0.0,600,520,1200,2,4,0,2005.0,2,480
1365,7,2000,2000,0.0,814,814,1674,2,7,0,2000.0,2,663
1366,7,1999,1999,158.0,873,882,1790,2,7,0,1999.0,2,588
1367,5,1977,1977,0.0,757,925,1475,2,6,1,1977.0,1,336
1368,6,2003,2004,170.0,848,848,848,1,4,0,2003.0,2,420
1369,8,2003,2003,171.0,1657,1668,1668,2,8,1,2003.0,2,502
1370,4,1920,1950,0.0,840,840,1374,1,6,0,1967.0,1,338
1371,6,1955,1996,0.0,992,1661,1661,1,8,1,1955.0,1,377
1372,7,1998,1998,0.0,1108,1108,2097,2,8,1,1998.0,2,583
1373,10,2001,2002,705.0,2633,2633,2633,2,8,2,2001.0,3,804
1374,7,2005,2005,0.0,1026,1026,1958,2,9,1,2005.0,3,936
1375,8,2007,2007,80.0,1571,1571,1571,2,7,1,2007.0,3,722
1376,6,1930,1950,0.0,768,790,790,1,4,0,1925.0,1,160
1377,5,1941,1960,0.0,984,984,1604,2,6,0,1977.0,2,660
1378,6,1973,1973,408.0,483,483,987,1,5,0,1973.0,1,264
1379,5,2006,2007,0.0,384,754,1394,2,7,0,2007.0,2,400
1380,3,1914,1950,0.0,864,864,864,1,5,0,1938.0,1,200
1381,6,1970,1970,0.0,1205,2117,2117,2,7,2,1970.0,2,550
1382,7,1920,1950,0.0,596,998,1762,1,8,0,1989.0,2,576
1383,5,1918,2007,0.0,816,1416,1416,2,7,0,2007.0,2,576
1384,6,1939,1950,0.0,560,698,1258,1,6,0,1939.0,1,280
1385,4,1922,2007,0.0,796,796,1154,1,7,0,1922.0,1,240
1386,7,1978,1978,184.0,1392,1392,2784,3,12,2,1978.0,2,564
1387,6,1916,1950,0.0,714,1664,2526,2,10,1,1916.0,1,216
1388,9,2006,2007,160.0,1746,1746,1746,2,7,2,2006.0,3,758
1389,6,1941,1950,0.0,735,869,1218,1,6,1,2003.0,2,440
1390,7,2000,2000,244.0,1525,1525,1525,2,6,0,2000.0,2,541
1391,5,1967,1967,0.0,1584,1584,1584,2,8,0,1967.0,3,792
1392,5,1967,1967,0.0,864,900,900,1,6,1,1967.0,1,288
1393,6,1905,2000,0.0,482,1221,1912,2,7,1,2003.0,2,672
1394,7,2006,2006,45.0,1356,1500,1500,2,6,1,2006.0,3,648
1395,8,2005,2006,245.0,1094,1133,2482,2,9,1,2005.0,3,642
1396,5,1948,1950,0.0,747,1687,1687,1,7,2,1966.0,2,572
1397,5,1920,2004,0.0,939,939,1513,1,8,0,1933.0,1,180
1398,5,1950,1982,0.0,1208,1136,1904,1,7,0,1950.0,1,240
1399,6,1925,1990,0.0,976,1160,1608,2,7,1,1925.0,1,216
1400,6,1929,1950,0.0,862,950,1158,1,5,1,1929.0,1,208
1401,6,2004,2004,0.0,839,864,1593,2,8,1,2004.0,2,398
1402,7,2006,2006,0.0,1286,1294,1294,2,6,1,2006.0,2,662
1403,8,2007,2007,84.0,1485,1464,1464,2,6,0,2007.0,3,754
1404,3,1915,1950,0.0,672,694,1214,1,6,0,1998.0,3,936
1405,8,2004,2005,174.0,1594,1646,1646,2,5,1,2004.0,2,482
1406,5,1972,2007,0.0,768,768,768,1,5,0,1988.0,2,396
1407,5,1985,1985,0.0,833,833,833,1,5,0,,0,0
1408,4,1910,1950,0.0,622,741,1363,1,6,0,1966.0,2,528
1409,7,1986,1991,123.0,791,1236,2093,2,7,1,1986.0,2,542
1410,7,2001,2001,0.0,944,944,1840,2,6,0,2001.0,2,622
1411,6,1950,2005,0.0,856,1112,1668,1,6,0,1950.0,1,271
1412,4,1949,1950,0.0,0,1040,1040,2,6,0,1956.0,2,420
1413,8,2005,2006,366.0,1844,1844,1844,2,7,1,2005.0,2,620
1414,6,1923,2000,0.0,833,1053,1848,1,8,1,1922.0,2,370
1415,7,2007,2007,130.0,1386,1569,1569,2,7,1,2007.0,3,660
1416,4,1885,1950,0.0,777,1246,2290,2,11,0,1971.0,2,560
1417,8,1998,1998,731.0,1284,1310,2450,2,7,1,1998.0,3,1069
1418,5,1963,1963,0.0,1144,1144,1144,1,6,0,1962.0,1,336
1419,6,1969,1969,312.0,1844,1844,1844,2,7,1,1969.0,2,540
1420,6,1968,1968,420.0,708,708,1416,2,7,1,1968.0,2,776
1421,6,1977,1977,0.0,1069,1069,1069,2,4,1,1977.0,2,440
1422,6,2003,2003,170.0,848,848,848,1,3,0,2003.0,2,420
1423,6,1966,1966,0.0,697,1575,2201,2,8,1,1966.0,2,432
1424,5,1958,1983,0.0,1024,1344,1344,1,6,1,1970.0,1,484
1425,6,1959,1959,243.0,1252,1252,1252,1,7,0,1960.0,2,528
1426,7,1994,1994,448.0,1223,1223,2127,2,5,2,1994.0,2,525
1427,5,1945,1950,0.0,913,1048,1558,1,6,1,1962.0,1,288
1428,5,1940,1992,294.0,788,804,804,1,4,2,1940.0,1,240
1429,6,1981,1981,310.0,1440,1440,1440,2,7,1,1981.0,2,467
1430,5,2005,2005,0.0,732,734,1838,2,7,1,2005.0,2,372
1431,6,1976,1976,0.0,958,958,958,2,5,0,1976.0,2,440
1432,4,1927,2007,0.0,656,968,968,2,5,0,1928.0,1,216
1433,6,2000,2000,318.0,936,962,1792,2,8,1,2000.0,2,451
1434,5,1977,1977,0.0,1126,1126,1126,2,5,1,1977.0,2,484
1435,6,1962,2005,237.0,1319,1537,1537,1,7,1,1962.0,2,462
1436,4,1971,1971,0.0,864,864,864,1,5,0,1974.0,2,528
1437,8,2008,2008,426.0,1932,1932,1932,2,7,1,2008.0,3,774
1438,6,1957,1996,0.0,912,1236,1236,1,6,0,1957.0,2,923
1439,7,1979,1979,96.0,539,1040,1725,2,6,1,1979.0,2,550
1440,6,1922,1994,0.0,588,1423,2555,2,11,1,1993.0,2,672
1441,6,2004,2004,147.0,848,848,848,1,3,1,2004.0,2,420
1442,10,2008,2008,160.0,1017,1026,2007,2,10,1,2008.0,3,812
1443,6,1916,1950,0.0,952,952,952,1,4,1,1916.0,1,192
1444,7,2004,2004,106.0,1422,1422,1422,2,7,0,2004.0,2,626
1445,6,1966,1966,0.0,814,913,913,1,6,0,1990.0,1,240
1446,5,1962,1962,189.0,1188,1188,1188,1,6,0,1962.0,1,312
1447,8,1995,1996,438.0,1220,1220,2090,2,8,1,1995.0,2,556
1448,4,1910,2000,0.0,560,796,1346,1,6,0,1950.0,1,384
1449,5,1970,1970,0.0,630,630,630,1,3,0,,0,0
1450,5,1974,1974,0.0,896,896,1792,2,8,0,,0,0
1451,8,2008,2009,194.0,1573,1578,1578,2,7,1,2008.0,3,840
1452,5,2005,2005,80.0,547,1072,1072,1,5,0,2005.0,2,525
1453,5,2006,2006,0.0,1140,1140,1140,1,6,0,,0,0
1454,7,2004,2005,0.0,1221,1221,1221,2,6,0,2004.0,2,400
1455,6,1999,2000,0.0,953,953,1647,2,7,1,1999.0,2,460
1456,6,1978,1988,119.0,1542,2073,2073,2,7,2,1978.0,2,500
1457,7,1941,2006,0.0,1152,1188,2340,2,9,2,1941.0,1,252
1458,5,1950,1996,0.0,1078,1078,1078,1,5,0,1950.0,1,240
1459,5,1965,1965,0.0,1256,1256,1256,1,6,0,1965.0,1,276
